"ma","ten","bac","he","kieu_luoi","kich_thuoc","ten_file","lenh_cat","prompt"
"thaymo","Thầy Mo Lửa","Thường","Hỏa","hero12 (4x3, ô 192)","768x576","thaymo.png","python3 tools/cat-sheet.py thaymo.png thaymo hero12","Create ONE image: a 768x576 animation sprite sheet for a cute mobile tower-defense game based on Vietnamese folk legends, an invisible 4x3 grid of twelve equal 192x192 cells (4 columns, 3 rows, each ROW is one action read left to right). REDESIGN of the hero Thầy Mo Lửa so it is easy to tell apart from the other heroes.
BODY: tall gaunt shaman about 45, very thin, long arms, head about 1/5 of the height.
SIGNATURE SHAPE: a big ROUND headdress ring of red-and-black feathers and bones around the head like a fire wheel.
COLORS: main dark plum purple #5B2C6F, second flame orange #F47A20, accent bone white face paint (element FIRE). common hero: simple clothes, few details, but keep the silhouette above.
FACE: white painted stripes on the face, hollow cheeks, wide crazy eyes, long chin.
OUTFIT: plum robe with orange flame hem, bead necklaces. WEAPON / ITEM: gnarled staff with a burning gourd on top.
CELLS (facing RIGHT in 3/4 view; in every full-body cell the feet stand on the same invisible baseline near the bottom of the cell, same scale, the body fills about 85% of the cell height):
ROW 1 — idle loop: [1] arms spread wide in a ritual dance, one knee up [2] same pose, breathing in: chest and shoulders slightly up, weapon/hair/cloth slightly lifted [3] same pose, small settle: knees slightly bent, cloth swinging the other way [4] portrait: head and shoulders, big and centered, showing the unique face.
ROW 2 — attack (shooting / casting forward): [5] prepare: weight back, drawing / aiming [6] swing: body twisting forward, about to release [7] hit: full extension, the projectile leaving the hand / weapon [8] recover: returning toward the idle pose.
ROW 3 — skill and reaction: [9] skill start: gathering power, small glow around the hands [10] skill peak: exploding fireballs (small, inside the cell) [11] skill end: effect fading, body relaxing [12] hurt: flinching backward, eyes squeezed shut, one arm raised to guard (no blood).
ANIMATION RULES: same character identical in every cell, consistent size and outfit, feet on the same baseline, smooth motion between consecutive frames, clear gaps between cells. Small changes between neighbouring frames of the same row; nothing touches or crosses a cell border.
STYLE: cute stylized mobile-game character in the same art family as the other heroes: thick clean dark-brown outline #2A1608, flat cel shading (one shadow, one highlight), Dong Son bronze-drum motifs (zigzag bands, sun-star, Lac birds) on the clothes. Light file: about 20-30 flat colors, no gradients, no texture, no glow except the small effect asked.
DISTINCT SILHOUETTE (most important): the character must be recognizable from its black shadow alone, at 40 px: follow BODY for age, build and head-to-body ratio (do NOT give every hero the same 1/3 head and the same height), and make SIGNATURE SHAPE big and bold. Main color must clearly be the first COLORS entry.
FACE: do not reuse the generic chibi face (same round head, same big round eyes) — draw the unique features in FACE (eyebrows, beard, scars, wrinkles, age lines, eye shape).
BACKGROUND: perfectly flat pure magenta #FF00FF everywhere. No text, no numbers, no labels, no grid lines, no borders, no floor shadow, no watermark. Never use magenta on the subject. Keep at least 8% empty margin inside every cell; nothing crosses into another cell."
"dotnuong","Chàng Đốt Nương","Thường","Hỏa","hero12 (4x3, ô 192)","768x576","dotnuong.png","python3 tools/cat-sheet.py dotnuong.png dotnuong hero12","Create ONE image: a 768x576 animation sprite sheet for a cute mobile tower-defense game based on Vietnamese folk legends, an invisible 4x3 grid of twelve equal 192x192 cells (4 columns, 3 rows, each ROW is one action read left to right). REDESIGN of the hero Chàng Đốt Nương so it is easy to tell apart from the other heroes.
BODY: thin teenage highland farmer about 16, lanky, head about 1/4 of the height.
SIGNATURE SHAPE: a BURNING torch on a long pole raised high and a curved machete; hair tied up with green leaves.
COLORS: main rusty red-ochre #A0462A, second ash grey, accent ember orange (element FIRE). common hero: simple clothes, few details, but keep the silhouette above.
FACE: soot smudges on the nose, big eager eyes, gap teeth.
OUTFIT: red-ochre loincloth, ash-grey sleeveless vest. WEAPON / ITEM: torch pole and machete.
MUST NOT look like the generic ""young man with a headband holding a long pole weapon"" shared by other heroes — keep only what is listed here.
CELLS (facing RIGHT in 3/4 view; in every full-body cell the feet stand on the same invisible baseline near the bottom of the cell, same scale, the body fills about 85% of the cell height):
ROW 1 — idle loop: [1] torch raised, machete low, ready to run [2] same pose, breathing in: chest and shoulders slightly up, weapon/hair/cloth slightly lifted [3] same pose, small settle: knees slightly bent, cloth swinging the other way [4] portrait: head and shoulders, big and centered, showing the unique face.
ROW 2 — melee attack: [5] prepare: weight back, weapon pulled back [6] swing: body twisting forward, weapon moving with ONE short pale motion swoosh [7] hit: full extension, weapon at the end of the swing [8] recover: returning toward the idle pose.
ROW 3 — skill and reaction: [9] skill start: gathering power, small glow around the hands [10] skill peak: a trail of fire on the ground (small, inside the cell) [11] skill end: effect fading, body relaxing [12] hurt: flinching backward, eyes squeezed shut, one arm raised to guard (no blood).
ANIMATION RULES: same character identical in every cell, consistent size and outfit, feet on the same baseline, smooth motion between consecutive frames, clear gaps between cells. Small changes between neighbouring frames of the same row; nothing touches or crosses a cell border.
STYLE: cute stylized mobile-game character in the same art family as the other heroes: thick clean dark-brown outline #2A1608, flat cel shading (one shadow, one highlight), Dong Son bronze-drum motifs (zigzag bands, sun-star, Lac birds) on the clothes. Light file: about 20-30 flat colors, no gradients, no texture, no glow except the small effect asked.
DISTINCT SILHOUETTE (most important): the character must be recognizable from its black shadow alone, at 40 px: follow BODY for age, build and head-to-body ratio (do NOT give every hero the same 1/3 head and the same height), and make SIGNATURE SHAPE big and bold. Main color must clearly be the first COLORS entry.
FACE: do not reuse the generic chibi face (same round head, same big round eyes) — draw the unique features in FACE (eyebrows, beard, scars, wrinkles, age lines, eye shape).
BACKGROUND: perfectly flat pure magenta #FF00FF everywhere. No text, no numbers, no labels, no grid lines, no borders, no floor shadow, no watermark. Never use magenta on the subject. Keep at least 8% empty margin inside every cell; nothing crosses into another cell."
"denroi","Cô Thả Đèn Trời","Thường","Hỏa","hero12 (4x3, ô 192)","768x576","denroi.png","python3 tools/cat-sheet.py denroi.png denroi hero12","Create ONE image: a 768x576 animation sprite sheet for a cute mobile tower-defense game based on Vietnamese folk legends, an invisible 4x3 grid of twelve equal 192x192 cells (4 columns, 3 rows, each ROW is one action read left to right). REDESIGN of the hero Cô Thả Đèn Trời so it is easy to tell apart from the other heroes.
BODY: little girl about 8, very short, head about 1/3 of the height.
SIGNATURE SHAPE: a big glowing paper sky lantern held up ABOVE her head with both arms, as big as her body; two hair buns.
COLORS: main lantern yellow #FFD45A, second tangerine #F6913A, accent red ribbon (element FIRE). common hero: simple clothes, few details, but keep the silhouette above.
FACE: wide amazed eyes looking up, small open mouth, round cheeks.
OUTFIT: tangerine ao tu than, yellow sash. WEAPON / ITEM: sky lantern.
MUST NOT look like the generic ""young village girl in a simple dress"" shared by other heroes — keep only what is listed here.
CELLS (facing RIGHT in 3/4 view; in every full-body cell the feet stand on the same invisible baseline near the bottom of the cell, same scale, the body fills about 85% of the cell height):
ROW 1 — idle loop: [1] on tiptoes lifting the lantern up [2] same pose, breathing in: chest and shoulders slightly up, weapon/hair/cloth slightly lifted [3] same pose, small settle: knees slightly bent, cloth swinging the other way [4] portrait: head and shoulders, big and centered, showing the unique face.
ROW 2 — attack (shooting / casting forward): [5] prepare: weight back, drawing / aiming [6] swing: body twisting forward, about to release [7] hit: full extension, the projectile leaving the hand / weapon [8] recover: returning toward the idle pose.
ROW 3 — skill and reaction: [9] skill start: gathering power, small glow around the hands [10] skill peak: small lanterns raining fire (small, inside the cell) [11] skill end: effect fading, body relaxing [12] hurt: flinching backward, eyes squeezed shut, one arm raised to guard (no blood).
ANIMATION RULES: same character identical in every cell, consistent size and outfit, feet on the same baseline, smooth motion between consecutive frames, clear gaps between cells. Small changes between neighbouring frames of the same row; nothing touches or crosses a cell border.
STYLE: cute stylized mobile-game character in the same art family as the other heroes: thick clean dark-brown outline #2A1608, flat cel shading (one shadow, one highlight), Dong Son bronze-drum motifs (zigzag bands, sun-star, Lac birds) on the clothes. Light file: about 20-30 flat colors, no gradients, no texture, no glow except the small effect asked.
DISTINCT SILHOUETTE (most important): the character must be recognizable from its black shadow alone, at 40 px: follow BODY for age, build and head-to-body ratio (do NOT give every hero the same 1/3 head and the same height), and make SIGNATURE SHAPE big and bold. Main color must clearly be the first COLORS entry.
FACE: do not reuse the generic chibi face (same round head, same big round eyes) — draw the unique features in FACE (eyebrows, beard, scars, wrinkles, age lines, eye shape).
BACKGROUND: perfectly flat pure magenta #FF00FF everywhere. No text, no numbers, no labels, no grid lines, no borders, no floor shadow, no watermark. Never use magenta on the subject. Keep at least 8% empty margin inside every cell; nothing crosses into another cell."
"thoren","Thợ Rèn Đông Sơn","Thường","Hỏa","hero12 (4x3, ô 192)","768x576","thoren.png","python3 tools/cat-sheet.py thoren.png thoren hero12","Create ONE image: a 768x576 animation sprite sheet for a cute mobile tower-defense game based on Vietnamese folk legends, an invisible 4x3 grid of twelve equal 192x192 cells (4 columns, 3 rows, each ROW is one action read left to right). REDESIGN of the hero Thợ Rèn Đông Sơn so it is easy to tell apart from the other heroes.
BODY: bulky blacksmith about 40, huge forearms, big belly, short legs, head about 1/5 of the height.
SIGNATURE SHAPE: a giant sledgehammer with a red-hot glowing head on the shoulder; shiny bald head with a bushy black beard.
COLORS: main dark leather brown #5A3A22, second soot grey, accent red-hot orange (element FIRE). common hero: simple clothes, few details, but keep the silhouette above.
FACE: bald head, bushy black beard, soot on the cheeks, squinting from the heat.
OUTFIT: thick leather apron, bare muscular arms, iron wristbands. WEAPON / ITEM: giant hammer.
MUST NOT look like the generic ""young man with a headband holding a long pole weapon"" shared by other heroes — keep only what is listed here.
CELLS (facing RIGHT in 3/4 view; in every full-body cell the feet stand on the same invisible baseline near the bottom of the cell, same scale, the body fills about 85% of the cell height):
ROW 1 — idle loop: [1] hammer on the shoulder, chest out [2] same pose, breathing in: chest and shoulders slightly up, weapon/hair/cloth slightly lifted [3] same pose, small settle: knees slightly bent, cloth swinging the other way [4] portrait: head and shoulders, big and centered, showing the unique face.
ROW 2 — melee attack: [5] prepare: weight back, weapon pulled back [6] swing: body twisting forward, weapon moving with ONE short pale motion swoosh [7] hit: full extension, weapon at the end of the swing [8] recover: returning toward the idle pose.
ROW 3 — skill and reaction: [9] skill start: gathering power, small glow around the hands [10] skill peak: sparks and molten splash (small, inside the cell) [11] skill end: effect fading, body relaxing [12] hurt: flinching backward, eyes squeezed shut, one arm raised to guard (no blood).
ANIMATION RULES: same character identical in every cell, consistent size and outfit, feet on the same baseline, smooth motion between consecutive frames, clear gaps between cells. Small changes between neighbouring frames of the same row; nothing touches or crosses a cell border.
STYLE: cute stylized mobile-game character in the same art family as the other heroes: thick clean dark-brown outline #2A1608, flat cel shading (one shadow, one highlight), Dong Son bronze-drum motifs (zigzag bands, sun-star, Lac birds) on the clothes. Light file: about 20-30 flat colors, no gradients, no texture, no glow except the small effect asked.
DISTINCT SILHOUETTE (most important): the character must be recognizable from its black shadow alone, at 40 px: follow BODY for age, build and head-to-body ratio (do NOT give every hero the same 1/3 head and the same height), and make SIGNATURE SHAPE big and bold. Main color must clearly be the first COLORS entry.
FACE: do not reuse the generic chibi face (same round head, same big round eyes) — draw the unique features in FACE (eyebrows, beard, scars, wrinkles, age lines, eye shape).
BACKGROUND: perfectly flat pure magenta #FF00FF everywhere. No text, no numbers, no labels, no grid lines, no borders, no floor shadow, no watermark. Never use magenta on the subject. Keep at least 8% empty margin inside every cell; nothing crosses into another cell."
"lactuong","Lạc Tướng","Thường","Kim","hero12 (4x3, ô 192)","768x576","lactuong.png","python3 tools/cat-sheet.py lactuong.png lactuong hero12","Create ONE image: a 768x576 animation sprite sheet for a cute mobile tower-defense game based on Vietnamese folk legends, an invisible 4x3 grid of twelve equal 192x192 cells (4 columns, 3 rows, each ROW is one action read left to right). REDESIGN of the hero Lạc Tướng so it is easy to tell apart from the other heroes.
BODY: adult man about 30, stocky and broad-chested, short legs, head about 1/4 of the height.
SIGNATURE SHAPE: a HUGE fan-shaped headdress of tall white Lac-bird feathers, as tall as his torso, standing straight up.
COLORS: main polished bronze gold #C9963A, second dark patina teal #2F6B5E, accent white feathers (element METAL). common hero: simple clothes, few details, but keep the silhouette above.
FACE: thick straight eyebrows, square jaw, three short tattoo lines on each cheek, confident smirk.
OUTFIT: bronze chest plate with zigzag bands, teal loincloth with a bronze-drum sun-star buckle. WEAPON / ITEM: Dong Son boot-shaped bronze axe (riu xeo) with a curved asymmetric blade.
MUST NOT look like the generic ""armored king or general with a gold crown or helmet"" shared by other heroes — keep only what is listed here.
CELLS (facing RIGHT in 3/4 view; in every full-body cell the feet stand on the same invisible baseline near the bottom of the cell, same scale, the body fills about 85% of the cell height):
ROW 1 — idle loop: [1] axe resting on the shoulder, chin up, proud wide stance [2] same pose, breathing in: chest and shoulders slightly up, weapon/hair/cloth slightly lifted [3] same pose, small settle: knees slightly bent, cloth swinging the other way [4] portrait: head and shoulders, big and centered, showing the unique face.
ROW 2 — melee attack: [5] prepare: weight back, weapon pulled back [6] swing: body twisting forward, weapon moving with ONE short pale motion swoosh [7] hit: full extension, weapon at the end of the swing [8] recover: returning toward the idle pose.
ROW 3 — skill and reaction: [9] skill start: gathering power, small glow around the hands [10] skill peak: a wide golden arc of the axe with Lac-bird shapes (small, inside the cell) [11] skill end: effect fading, body relaxing [12] hurt: flinching backward, eyes squeezed shut, one arm raised to guard (no blood).
ANIMATION RULES: same character identical in every cell, consistent size and outfit, feet on the same baseline, smooth motion between consecutive frames, clear gaps between cells. Small changes between neighbouring frames of the same row; nothing touches or crosses a cell border.
STYLE: cute stylized mobile-game character in the same art family as the other heroes: thick clean dark-brown outline #2A1608, flat cel shading (one shadow, one highlight), Dong Son bronze-drum motifs (zigzag bands, sun-star, Lac birds) on the clothes. Light file: about 20-30 flat colors, no gradients, no texture, no glow except the small effect asked.
DISTINCT SILHOUETTE (most important): the character must be recognizable from its black shadow alone, at 40 px: follow BODY for age, build and head-to-body ratio (do NOT give every hero the same 1/3 head and the same height), and make SIGNATURE SHAPE big and bold. Main color must clearly be the first COLORS entry.
FACE: do not reuse the generic chibi face (same round head, same big round eyes) — draw the unique features in FACE (eyebrows, beard, scars, wrinkles, age lines, eye shape).
BACKGROUND: perfectly flat pure magenta #FF00FF everywhere. No text, no numbers, no labels, no grid lines, no borders, no floor shadow, no watermark. Never use magenta on the subject. Keep at least 8% empty margin inside every cell; nothing crosses into another cell."
"xathu","Xạ Thủ Văn Lang","Thường","Kim","hero12 (4x3, ô 192)","768x576","xathu.png","python3 tools/cat-sheet.py xathu.png xathu hero12","Create ONE image: a 768x576 animation sprite sheet for a cute mobile tower-defense game based on Vietnamese folk legends, an invisible 4x3 grid of twelve equal 192x192 cells (4 columns, 3 rows, each ROW is one action read left to right). REDESIGN of the hero Xạ Thủ Văn Lang so it is easy to tell apart from the other heroes.
BODY: lanky teenage boy about 17, very thin and tall, long arms and legs, small head about 1/5 of the height.
SIGNATURE SHAPE: an oversized longbow TALLER than himself held upright, plus a high topknot with ONE long single feather sticking up.
COLORS: main pale silver-grey #BFC6CC, second steel blue #5E7A8C, accent red bowstring and arm wraps (element METAL). common hero: simple clothes, few details, but keep the silhouette above.
FACE: narrow focused eyes with one eye squinting, thin face, sharp nose, tiny mole under the eye.
OUTFIT: sleeveless silver-grey wrap tunic, steel-blue leg wraps, leather quiver on the hip. WEAPON / ITEM: giant wooden longbow.
MUST NOT look like the generic ""young man with a headband holding a long pole weapon"" shared by other heroes — keep only what is listed here.
CELLS (facing RIGHT in 3/4 view; in every full-body cell the feet stand on the same invisible baseline near the bottom of the cell, same scale, the body fills about 85% of the cell height):
ROW 1 — idle loop: [1] side stance, bow vertical beside him, one arrow held loosely between fingers, calm and patient [2] same pose, breathing in: chest and shoulders slightly up, weapon/hair/cloth slightly lifted [3] same pose, small settle: knees slightly bent, cloth swinging the other way [4] portrait: head and shoulders, big and centered, showing the unique face.
ROW 2 — attack (shooting / casting forward): [5] prepare: weight back, drawing / aiming [6] swing: body twisting forward, about to release [7] hit: full extension, the projectile leaving the hand / weapon [8] recover: returning toward the idle pose.
ROW 3 — skill and reaction: [9] skill start: gathering power, small glow around the hands [10] skill peak: three silver arrows with white streaks (small, inside the cell) [11] skill end: effect fading, body relaxing [12] hurt: flinching backward, eyes squeezed shut, one arm raised to guard (no blood).
ANIMATION RULES: same character identical in every cell, consistent size and outfit, feet on the same baseline, smooth motion between consecutive frames, clear gaps between cells. Small changes between neighbouring frames of the same row; nothing touches or crosses a cell border.
STYLE: cute stylized mobile-game character in the same art family as the other heroes: thick clean dark-brown outline #2A1608, flat cel shading (one shadow, one highlight), Dong Son bronze-drum motifs (zigzag bands, sun-star, Lac birds) on the clothes. Light file: about 20-30 flat colors, no gradients, no texture, no glow except the small effect asked.
DISTINCT SILHOUETTE (most important): the character must be recognizable from its black shadow alone, at 40 px: follow BODY for age, build and head-to-body ratio (do NOT give every hero the same 1/3 head and the same height), and make SIGNATURE SHAPE big and bold. Main color must clearly be the first COLORS entry.
FACE: do not reuse the generic chibi face (same round head, same big round eyes) — draw the unique features in FACE (eyebrows, beard, scars, wrinkles, age lines, eye shape).
BACKGROUND: perfectly flat pure magenta #FF00FF everywhere. No text, no numbers, no labels, no grid lines, no borders, no floor shadow, no watermark. Never use magenta on the subject. Keep at least 8% empty margin inside every cell; nothing crosses into another cell."
"giaodong","Dũng Sĩ Giáo Đồng","Thường","Kim","hero12 (4x3, ô 192)","768x576","giaodong.png","python3 tools/cat-sheet.py giaodong.png giaodong hero12","Create ONE image: a 768x576 animation sprite sheet for a cute mobile tower-defense game based on Vietnamese folk legends, an invisible 4x3 grid of twelve equal 192x192 cells (4 columns, 3 rows, each ROW is one action read left to right). REDESIGN of the hero Dũng Sĩ Giáo Đồng so it is easy to tell apart from the other heroes.
BODY: young soldier about 20, short and compact like a block, short thick legs, head about 1/4 of the height.
SIGNATURE SHAPE: a big ROUND bronze shield covering half his body in front plus a very long spear TWICE his height pointing up.
COLORS: main pewter grey #8A9399, second tarnished bronze #A8742E, accent bright silver spear tip (element METAL). common hero: simple clothes, few details, but keep the silhouette above.
FACE: mostly hidden by a round helmet with cheek guards and a nose bar, only fierce determined eyes visible.
OUTFIT: pewter scale vest, bronze greaves. WEAPON / ITEM: very long bronze-tipped spear.
MUST NOT look like the generic ""armored king or general with a gold crown or helmet"" shared by other heroes — keep only what is listed here.
CELLS (facing RIGHT in 3/4 view; in every full-body cell the feet stand on the same invisible baseline near the bottom of the cell, same scale, the body fills about 85% of the cell height):
ROW 1 — idle loop: [1] low defensive crouch behind the shield, spear upright like a wall guard [2] same pose, breathing in: chest and shoulders slightly up, weapon/hair/cloth slightly lifted [3] same pose, small settle: knees slightly bent, cloth swinging the other way [4] portrait: head and shoulders, big and centered, showing the unique face.
ROW 2 — melee attack: [5] prepare: weight back, weapon pulled back [6] swing: body twisting forward, weapon moving with ONE short pale motion swoosh [7] hit: full extension, weapon at the end of the swing [8] recover: returning toward the idle pose.
ROW 3 — skill and reaction: [9] skill start: gathering power, small glow around the hands [10] skill peak: a spinning spear trailing silver sparks (small, inside the cell) [11] skill end: effect fading, body relaxing [12] hurt: flinching backward, eyes squeezed shut, one arm raised to guard (no blood).
ANIMATION RULES: same character identical in every cell, consistent size and outfit, feet on the same baseline, smooth motion between consecutive frames, clear gaps between cells. Small changes between neighbouring frames of the same row; nothing touches or crosses a cell border.
STYLE: cute stylized mobile-game character in the same art family as the other heroes: thick clean dark-brown outline #2A1608, flat cel shading (one shadow, one highlight), Dong Son bronze-drum motifs (zigzag bands, sun-star, Lac birds) on the clothes. Light file: about 20-30 flat colors, no gradients, no texture, no glow except the small effect asked.
DISTINCT SILHOUETTE (most important): the character must be recognizable from its black shadow alone, at 40 px: follow BODY for age, build and head-to-body ratio (do NOT give every hero the same 1/3 head and the same height), and make SIGNATURE SHAPE big and bold. Main color must clearly be the first COLORS entry.
FACE: do not reuse the generic chibi face (same round head, same big round eyes) — draw the unique features in FACE (eyebrows, beard, scars, wrinkles, age lines, eye shape).
BACKGROUND: perfectly flat pure magenta #FF00FF everywhere. No text, no numbers, no labels, no grid lines, no borders, no floor shadow, no watermark. Never use magenta on the subject. Keep at least 8% empty margin inside every cell; nothing crosses into another cell."
"chuongdong","Thầy Chuông Đồng","Thường","Kim","hero12 (4x3, ô 192)","768x576","chuongdong.png","python3 tools/cat-sheet.py chuongdong.png chuongdong hero12","Create ONE image: a 768x576 animation sprite sheet for a cute mobile tower-defense game based on Vietnamese folk legends, an invisible 4x3 grid of twelve equal 192x192 cells (4 columns, 3 rows, each ROW is one action read left to right). REDESIGN of the hero Thầy Chuông Đồng so it is easy to tell apart from the other heroes.
BODY: tiny frail old man about 75, hunched back, very thin arms, BIG bald round head about 1/3 of the height.
SIGNATURE SHAPE: a staff with a bronze temple bell BIGGER than his head hanging from the top, held high over him.
COLORS: main off-white linen #EDE7D9, second warm bronze #B07D3A, accent red tassel (element METAL). common hero: simple clothes, few details, but keep the silhouette above.
FACE: shiny bald head, NO beard, very long white eyebrows drooping down past the cheeks, eyes closed, humming mouth.
OUTFIT: loose off-white ritual robe with bronze zigzag hem, bare feet. WEAPON / ITEM: bell staff.
MUST NOT look like the generic ""old man with a white beard holding a staff"" shared by other heroes — keep only what is listed here.
CELLS (facing RIGHT in 3/4 view; in every full-body cell the feet stand on the same invisible baseline near the bottom of the cell, same scale, the body fills about 85% of the cell height):
ROW 1 — idle loop: [1] hunched, lifting the bell staff overhead and ringing it, eyes closed in trance [2] same pose, breathing in: chest and shoulders slightly up, weapon/hair/cloth slightly lifted [3] same pose, small settle: knees slightly bent, cloth swinging the other way [4] portrait: head and shoulders, big and centered, showing the unique face.
ROW 2 — attack (shooting / casting forward): [5] prepare: weight back, drawing / aiming [6] swing: body twisting forward, about to release [7] hit: full extension, the projectile leaving the hand / weapon [8] recover: returning toward the idle pose.
ROW 3 — skill and reaction: [9] skill start: gathering power, small glow around the hands [10] skill peak: golden sound rings spreading from the bell (small, inside the cell) [11] skill end: effect fading, body relaxing [12] hurt: flinching backward, eyes squeezed shut, one arm raised to guard (no blood).
ANIMATION RULES: same character identical in every cell, consistent size and outfit, feet on the same baseline, smooth motion between consecutive frames, clear gaps between cells. Small changes between neighbouring frames of the same row; nothing touches or crosses a cell border.
STYLE: cute stylized mobile-game character in the same art family as the other heroes: thick clean dark-brown outline #2A1608, flat cel shading (one shadow, one highlight), Dong Son bronze-drum motifs (zigzag bands, sun-star, Lac birds) on the clothes. Light file: about 20-30 flat colors, no gradients, no texture, no glow except the small effect asked.
DISTINCT SILHOUETTE (most important): the character must be recognizable from its black shadow alone, at 40 px: follow BODY for age, build and head-to-body ratio (do NOT give every hero the same 1/3 head and the same height), and make SIGNATURE SHAPE big and bold. Main color must clearly be the first COLORS entry.
FACE: do not reuse the generic chibi face (same round head, same big round eyes) — draw the unique features in FACE (eyebrows, beard, scars, wrinkles, age lines, eye shape).
BACKGROUND: perfectly flat pure magenta #FF00FF everywhere. No text, no numbers, no labels, no grid lines, no borders, no floor shadow, no watermark. Never use magenta on the subject. Keep at least 8% empty margin inside every cell; nothing crosses into another cell."
"thosan","Thợ Săn Rừng","Thường","Mộc","hero12 (4x3, ô 192)","768x576","thosan.png","python3 tools/cat-sheet.py thosan.png thosan hero12","Create ONE image: a 768x576 animation sprite sheet for a cute mobile tower-defense game based on Vietnamese folk legends, an invisible 4x3 grid of twelve equal 192x192 cells (4 columns, 3 rows, each ROW is one action read left to right). REDESIGN of the hero Thợ Săn Rừng so it is easy to tell apart from the other heroes.
BODY: lean wiry adult hunter, long arms, always low and bent, head about 1/4 of the height.
SIGNATURE SHAPE: a deep oversized hood with two pointed leopard ears covering the face in shadow, and two curved hunting knives.
COLORS: main dark moss green #3E5A32, second leaf brown #6B4A2E, accent orange glowing eyes (element WOOD). common hero: simple clothes, few details, but keep the silhouette above.
FACE: face hidden in hood shadow, only two glowing orange eyes and a mouth scarf.
OUTFIT: leaf-patched hooded cloak, leather wraps on the shins. WEAPON / ITEM: two curved hunting knives held backhand.
MUST NOT look like the generic ""hooded hunter with a spear"" shared by other heroes — keep only what is listed here.
CELLS (facing RIGHT in 3/4 view; in every full-body cell the feet stand on the same invisible baseline near the bottom of the cell, same scale, the body fills about 85% of the cell height):
ROW 1 — idle loop: [1] low stalking crouch, knives ready, sneaky [2] same pose, breathing in: chest and shoulders slightly up, weapon/hair/cloth slightly lifted [3] same pose, small settle: knees slightly bent, cloth swinging the other way [4] portrait: head and shoulders, big and centered, showing the unique face.
ROW 2 — melee attack: [5] prepare: weight back, weapon pulled back [6] swing: body twisting forward, weapon moving with ONE short pale motion swoosh [7] hit: full extension, weapon at the end of the swing [8] recover: returning toward the idle pose.
ROW 3 — skill and reaction: [9] skill start: gathering power, small glow around the hands [10] skill peak: green poison smoke slash (small, inside the cell) [11] skill end: effect fading, body relaxing [12] hurt: flinching backward, eyes squeezed shut, one arm raised to guard (no blood).
ANIMATION RULES: same character identical in every cell, consistent size and outfit, feet on the same baseline, smooth motion between consecutive frames, clear gaps between cells. Small changes between neighbouring frames of the same row; nothing touches or crosses a cell border.
STYLE: cute stylized mobile-game character in the same art family as the other heroes: thick clean dark-brown outline #2A1608, flat cel shading (one shadow, one highlight), Dong Son bronze-drum motifs (zigzag bands, sun-star, Lac birds) on the clothes. Light file: about 20-30 flat colors, no gradients, no texture, no glow except the small effect asked.
DISTINCT SILHOUETTE (most important): the character must be recognizable from its black shadow alone, at 40 px: follow BODY for age, build and head-to-body ratio (do NOT give every hero the same 1/3 head and the same height), and make SIGNATURE SHAPE big and bold. Main color must clearly be the first COLORS entry.
FACE: do not reuse the generic chibi face (same round head, same big round eyes) — draw the unique features in FACE (eyebrows, beard, scars, wrinkles, age lines, eye shape).
BACKGROUND: perfectly flat pure magenta #FF00FF everywhere. No text, no numbers, no labels, no grid lines, no borders, no floor shadow, no watermark. Never use magenta on the subject. Keep at least 8% empty margin inside every cell; nothing crosses into another cell."
"tre","Dũng Sĩ Tre Làng","Thường","Mộc","hero12 (4x3, ô 192)","768x576","tre.png","python3 tools/cat-sheet.py tre.png tre hero12","Create ONE image: a 768x576 animation sprite sheet for a cute mobile tower-defense game based on Vietnamese folk legends, an invisible 4x3 grid of twelve equal 192x192 cells (4 columns, 3 rows, each ROW is one action read left to right). REDESIGN of the hero Dũng Sĩ Tre Làng so it is easy to tell apart from the other heroes.
BODY: small skinny boy about 11, thin limbs, big feet, head about 1/3 of the height.
SIGNATURE SHAPE: a long green bamboo pole with leaves on top, TWO times his height, held diagonally; messy spiky hair with NO headband.
COLORS: main fresh bamboo yellow-green #A8D04A, second cream #F1E6C8, accent yellow belt (element WOOD). common hero: simple clothes, few details, but keep the silhouette above.
FACE: missing front tooth in a big grin, freckles, spiky eyebrows.
OUTFIT: sleeveless cream shirt, yellow-green shorts, bare feet. WEAPON / ITEM: bamboo pole.
MUST NOT look like the generic ""young man with a headband holding a long pole weapon"" shared by other heroes — keep only what is listed here.
CELLS (facing RIGHT in 3/4 view; in every full-body cell the feet stand on the same invisible baseline near the bottom of the cell, same scale, the body fills about 85% of the cell height):
ROW 1 — idle loop: [1] hopping on one leg, spinning the bamboo, restless [2] same pose, breathing in: chest and shoulders slightly up, weapon/hair/cloth slightly lifted [3] same pose, small settle: knees slightly bent, cloth swinging the other way [4] portrait: head and shoulders, big and centered, showing the unique face.
ROW 2 — melee attack: [5] prepare: weight back, weapon pulled back [6] swing: body twisting forward, weapon moving with ONE short pale motion swoosh [7] hit: full extension, weapon at the end of the swing [8] recover: returning toward the idle pose.
ROW 3 — skill and reaction: [9] skill start: gathering power, small glow around the hands [10] skill peak: swirling bamboo leaves (small, inside the cell) [11] skill end: effect fading, body relaxing [12] hurt: flinching backward, eyes squeezed shut, one arm raised to guard (no blood).
ANIMATION RULES: same character identical in every cell, consistent size and outfit, feet on the same baseline, smooth motion between consecutive frames, clear gaps between cells. Small changes between neighbouring frames of the same row; nothing touches or crosses a cell border.
STYLE: cute stylized mobile-game character in the same art family as the other heroes: thick clean dark-brown outline #2A1608, flat cel shading (one shadow, one highlight), Dong Son bronze-drum motifs (zigzag bands, sun-star, Lac birds) on the clothes. Light file: about 20-30 flat colors, no gradients, no texture, no glow except the small effect asked.
DISTINCT SILHOUETTE (most important): the character must be recognizable from its black shadow alone, at 40 px: follow BODY for age, build and head-to-body ratio (do NOT give every hero the same 1/3 head and the same height), and make SIGNATURE SHAPE big and bold. Main color must clearly be the first COLORS entry.
FACE: do not reuse the generic chibi face (same round head, same big round eyes) — draw the unique features in FACE (eyebrows, beard, scars, wrinkles, age lines, eye shape).
BACKGROUND: perfectly flat pure magenta #FF00FF everywhere. No text, no numbers, no labels, no grid lines, no borders, no floor shadow, no watermark. Never use magenta on the subject. Keep at least 8% empty margin inside every cell; nothing crosses into another cell."
"ongthoi","Thợ Săn Ống Thổi","Thường","Mộc","hero12 (4x3, ô 192)","768x576","ongthoi.png","python3 tools/cat-sheet.py ongthoi.png ongthoi hero12","Create ONE image: a 768x576 animation sprite sheet for a cute mobile tower-defense game based on Vietnamese folk legends, an invisible 4x3 grid of twelve equal 192x192 cells (4 columns, 3 rows, each ROW is one action read left to right). REDESIGN of the hero Thợ Săn Ống Thổi so it is easy to tell apart from the other heroes.
BODY: short stout highland man about 40, thick calves, round belly, head about 1/4 of the height.
SIGNATURE SHAPE: an extremely long blowgun tube held HORIZONTALLY to his lips, longer than his body, and long hair tied in a low ponytail.
COLORS: main dark teal-green #2F6E5A, second black #262626, accent white zigzag weave (element WOOD). common hero: simple clothes, few details, but keep the silhouette above.
FACE: puffed cheeks, dotted face tattoos on the forehead, small eyes, flat nose.
OUTFIT: Central Highlands woven black loincloth with white zigzag, teal sash, bamboo dart tube on the hip. WEAPON / ITEM: long bamboo blowgun.
MUST NOT look like the generic ""young man with a headband holding a long pole weapon"" or ""hooded hunter with a spear"" shared by other heroes — keep only what is listed here.
CELLS (facing RIGHT in 3/4 view; in every full-body cell the feet stand on the same invisible baseline near the bottom of the cell, same scale, the body fills about 85% of the cell height):
ROW 1 — idle loop: [1] leaning forward with the blowgun already at his lips, one eye aiming [2] same pose, breathing in: chest and shoulders slightly up, weapon/hair/cloth slightly lifted [3] same pose, small settle: knees slightly bent, cloth swinging the other way [4] portrait: head and shoulders, big and centered, showing the unique face.
ROW 2 — attack (shooting / casting forward): [5] prepare: weight back, drawing / aiming [6] swing: body twisting forward, about to release [7] hit: full extension, the projectile leaving the hand / weapon [8] recover: returning toward the idle pose.
ROW 3 — skill and reaction: [9] skill start: gathering power, small glow around the hands [10] skill peak: green poison darts in a fan (small, inside the cell) [11] skill end: effect fading, body relaxing [12] hurt: flinching backward, eyes squeezed shut, one arm raised to guard (no blood).
ANIMATION RULES: same character identical in every cell, consistent size and outfit, feet on the same baseline, smooth motion between consecutive frames, clear gaps between cells. Small changes between neighbouring frames of the same row; nothing touches or crosses a cell border.
STYLE: cute stylized mobile-game character in the same art family as the other heroes: thick clean dark-brown outline #2A1608, flat cel shading (one shadow, one highlight), Dong Son bronze-drum motifs (zigzag bands, sun-star, Lac birds) on the clothes. Light file: about 20-30 flat colors, no gradients, no texture, no glow except the small effect asked.
DISTINCT SILHOUETTE (most important): the character must be recognizable from its black shadow alone, at 40 px: follow BODY for age, build and head-to-body ratio (do NOT give every hero the same 1/3 head and the same height), and make SIGNATURE SHAPE big and bold. Main color must clearly be the first COLORS entry.
FACE: do not reuse the generic chibi face (same round head, same big round eyes) — draw the unique features in FACE (eyebrows, beard, scars, wrinkles, age lines, eye shape).
BACKGROUND: perfectly flat pure magenta #FF00FF everywhere. No text, no numbers, no labels, no grid lines, no borders, no floor shadow, no watermark. Never use magenta on the subject. Keep at least 8% empty margin inside every cell; nothing crosses into another cell."
"thaylang","Thầy Lang Lá Thuốc","Thường","Mộc","hero12 (4x3, ô 192)","768x576","thaylang.png","python3 tools/cat-sheet.py thaylang.png thaylang hero12","Create ONE image: a 768x576 animation sprite sheet for a cute mobile tower-defense game based on Vietnamese folk legends, an invisible 4x3 grid of twelve equal 192x192 cells (4 columns, 3 rows, each ROW is one action read left to right). REDESIGN of the hero Thầy Lang Lá Thuốc so it is easy to tell apart from the other heroes.
BODY: very thin hunched old man about 70, bony limbs, head about 1/4 of the height.
SIGNATURE SHAPE: a tall woven gui basket on his back overflowing with herbs and leaves, sticking up above his head.
COLORS: main sage green #8BAA6E, second earthy tan #B89A6A, accent purple herb flowers (element WOOD). common hero: simple clothes, few details, but keep the silhouette above.
FACE: long thin drooping mustache only (no full beard), deep wrinkles, gentle squint.
OUTFIT: sage-green tunic, rolled trousers, herb pouch. WEAPON / ITEM: crooked walking stick.
MUST NOT look like the generic ""old man with a white beard holding a staff"" shared by other heroes — keep only what is listed here.
CELLS (facing RIGHT in 3/4 view; in every full-body cell the feet stand on the same invisible baseline near the bottom of the cell, same scale, the body fills about 85% of the cell height):
ROW 1 — idle loop: [1] leaning on the stick, sniffing a leaf, curious [2] same pose, breathing in: chest and shoulders slightly up, weapon/hair/cloth slightly lifted [3] same pose, small settle: knees slightly bent, cloth swinging the other way [4] portrait: head and shoulders, big and centered, showing the unique face.
ROW 2 — attack (shooting / casting forward): [5] prepare: weight back, drawing / aiming [6] swing: body twisting forward, about to release [7] hit: full extension, the projectile leaving the hand / weapon [8] recover: returning toward the idle pose.
ROW 3 — skill and reaction: [9] skill start: gathering power, small glow around the hands [10] skill peak: green healing leaves and herb steam (small, inside the cell) [11] skill end: effect fading, body relaxing [12] hurt: flinching backward, eyes squeezed shut, one arm raised to guard (no blood).
ANIMATION RULES: same character identical in every cell, consistent size and outfit, feet on the same baseline, smooth motion between consecutive frames, clear gaps between cells. Small changes between neighbouring frames of the same row; nothing touches or crosses a cell border.
STYLE: cute stylized mobile-game character in the same art family as the other heroes: thick clean dark-brown outline #2A1608, flat cel shading (one shadow, one highlight), Dong Son bronze-drum motifs (zigzag bands, sun-star, Lac birds) on the clothes. Light file: about 20-30 flat colors, no gradients, no texture, no glow except the small effect asked.
DISTINCT SILHOUETTE (most important): the character must be recognizable from its black shadow alone, at 40 px: follow BODY for age, build and head-to-body ratio (do NOT give every hero the same 1/3 head and the same height), and make SIGNATURE SHAPE big and bold. Main color must clearly be the first COLORS entry.
FACE: do not reuse the generic chibi face (same round head, same big round eyes) — draw the unique features in FACE (eyebrows, beard, scars, wrinkles, age lines, eye shape).
BACKGROUND: perfectly flat pure magenta #FF00FF everywhere. No text, no numbers, no labels, no grid lines, no borders, no floor shadow, no watermark. Never use magenta on the subject. Keep at least 8% empty margin inside every cell; nothing crosses into another cell."
"lucsi","Lực Sĩ Núi","Thường","Thổ","hero12 (4x3, ô 192)","768x576","lucsi.png","python3 tools/cat-sheet.py lucsi.png lucsi hero12","Create ONE image: a 768x576 animation sprite sheet for a cute mobile tower-defense game based on Vietnamese folk legends, an invisible 4x3 grid of twelve equal 192x192 cells (4 columns, 3 rows, each ROW is one action read left to right). REDESIGN of the hero Lực Sĩ Núi so it is easy to tell apart from the other heroes.
BODY: huge bodybuilder giant, massive shoulders 3x head width, tiny head about 1/7 of the height, short legs.
SIGNATURE SHAPE: a big grey BOULDER held on one shoulder, bigger than his head.
COLORS: main earth ochre #C99A3C, second clay red-brown skin, accent grey boulder (element EARTH). common hero: simple clothes, few details, but keep the silhouette above.
FACE: tiny head, wide square jaw, short beard, unibrow, proud grin.
OUTFIT: ochre loincloth, bronze wrist cuffs. WEAPON / ITEM: boulder.
CELLS (facing RIGHT in 3/4 view; in every full-body cell the feet stand on the same invisible baseline near the bottom of the cell, same scale, the body fills about 85% of the cell height):
ROW 1 — idle loop: [1] boulder on the shoulder, flexing the other arm [2] same pose, breathing in: chest and shoulders slightly up, weapon/hair/cloth slightly lifted [3] same pose, small settle: knees slightly bent, cloth swinging the other way [4] portrait: head and shoulders, big and centered, showing the unique face.
ROW 2 — melee attack: [5] prepare: weight back, weapon pulled back [6] swing: body twisting forward, weapon moving with ONE short pale motion swoosh [7] hit: full extension, weapon at the end of the swing [8] recover: returning toward the idle pose.
ROW 3 — skill and reaction: [9] skill start: gathering power, small glow around the hands [10] skill peak: boulder smash with dust (small, inside the cell) [11] skill end: effect fading, body relaxing [12] hurt: flinching backward, eyes squeezed shut, one arm raised to guard (no blood).
ANIMATION RULES: same character identical in every cell, consistent size and outfit, feet on the same baseline, smooth motion between consecutive frames, clear gaps between cells. Small changes between neighbouring frames of the same row; nothing touches or crosses a cell border.
STYLE: cute stylized mobile-game character in the same art family as the other heroes: thick clean dark-brown outline #2A1608, flat cel shading (one shadow, one highlight), Dong Son bronze-drum motifs (zigzag bands, sun-star, Lac birds) on the clothes. Light file: about 20-30 flat colors, no gradients, no texture, no glow except the small effect asked.
DISTINCT SILHOUETTE (most important): the character must be recognizable from its black shadow alone, at 40 px: follow BODY for age, build and head-to-body ratio (do NOT give every hero the same 1/3 head and the same height), and make SIGNATURE SHAPE big and bold. Main color must clearly be the first COLORS entry.
FACE: do not reuse the generic chibi face (same round head, same big round eyes) — draw the unique features in FACE (eyebrows, beard, scars, wrinkles, age lines, eye shape).
BACKGROUND: perfectly flat pure magenta #FF00FF everywhere. No text, no numbers, no labels, no grid lines, no borders, no floor shadow, no watermark. Never use magenta on the subject. Keep at least 8% empty margin inside every cell; nothing crosses into another cell."
"dapde","Người Đắp Đê","Thường","Thổ","hero12 (4x3, ô 192)","768x576","dapde.png","python3 tools/cat-sheet.py dapde.png dapde hero12","Create ONE image: a 768x576 animation sprite sheet for a cute mobile tower-defense game based on Vietnamese folk legends, an invisible 4x3 grid of twelve equal 192x192 cells (4 columns, 3 rows, each ROW is one action read left to right). REDESIGN of the hero Người Đắp Đê so it is easy to tell apart from the other heroes.
BODY: stocky strong village woman about 40, wide hips, thick arms, head about 1/4 of the height.
SIGNATURE SHAPE: a big CONICAL HAT (non la) on her head and a wide flat shovel on her shoulder.
COLORS: main mud brown #7A5A3A, second indigo, accent straw yellow hat (element EARTH). common hero: simple clothes, few details, but keep the silhouette above.
FACE: determined frown, strong cheekbones, mud splash on the cheek.
OUTFIT: mud-brown shirt, indigo trousers rolled up, mud on the legs, a basket of earth on the hip. WEAPON / ITEM: flat shovel.
MUST NOT look like the generic ""villager in a conical hat and brown clothes"" shared by other heroes — keep only what is listed here.
CELLS (facing RIGHT in 3/4 view; in every full-body cell the feet stand on the same invisible baseline near the bottom of the cell, same scale, the body fills about 85% of the cell height):
ROW 1 — idle loop: [1] shovel on the shoulder, fist on the hip [2] same pose, breathing in: chest and shoulders slightly up, weapon/hair/cloth slightly lifted [3] same pose, small settle: knees slightly bent, cloth swinging the other way [4] portrait: head and shoulders, big and centered, showing the unique face.
ROW 2 — melee attack: [5] prepare: weight back, weapon pulled back [6] swing: body twisting forward, weapon moving with ONE short pale motion swoosh [7] hit: full extension, weapon at the end of the swing [8] recover: returning toward the idle pose.
ROW 3 — skill and reaction: [9] skill start: gathering power, small glow around the hands [10] skill peak: an earth wall rising (small, inside the cell) [11] skill end: effect fading, body relaxing [12] hurt: flinching backward, eyes squeezed shut, one arm raised to guard (no blood).
ANIMATION RULES: same character identical in every cell, consistent size and outfit, feet on the same baseline, smooth motion between consecutive frames, clear gaps between cells. Small changes between neighbouring frames of the same row; nothing touches or crosses a cell border.
STYLE: cute stylized mobile-game character in the same art family as the other heroes: thick clean dark-brown outline #2A1608, flat cel shading (one shadow, one highlight), Dong Son bronze-drum motifs (zigzag bands, sun-star, Lac birds) on the clothes. Light file: about 20-30 flat colors, no gradients, no texture, no glow except the small effect asked.
DISTINCT SILHOUETTE (most important): the character must be recognizable from its black shadow alone, at 40 px: follow BODY for age, build and head-to-body ratio (do NOT give every hero the same 1/3 head and the same height), and make SIGNATURE SHAPE big and bold. Main color must clearly be the first COLORS entry.
FACE: do not reuse the generic chibi face (same round head, same big round eyes) — draw the unique features in FACE (eyebrows, beard, scars, wrinkles, age lines, eye shape).
BACKGROUND: perfectly flat pure magenta #FF00FF everywhere. No text, no numbers, no labels, no grid lines, no borders, no floor shadow, no watermark. Never use magenta on the subject. Keep at least 8% empty margin inside every cell; nothing crosses into another cell."
"chantrau","Trẻ Chăn Trâu","Thường","Thổ","hero12 (4x3, ô 192)","768x576","chantrau.png","python3 tools/cat-sheet.py chantrau.png chantrau hero12","Create ONE image: a 768x576 animation sprite sheet for a cute mobile tower-defense game based on Vietnamese folk legends, an invisible 4x3 grid of twelve equal 192x192 cells (4 columns, 3 rows, each ROW is one action read left to right). REDESIGN of the hero Trẻ Chăn Trâu so it is easy to tell apart from the other heroes.
BODY: tiny chubby little boy about 7, the smallest hero, short legs, head about 1/2 of the height.
SIGNATURE SHAPE: a shaved head with three small tufts of hair (trai dao kid hairstyle) and a wooden slingshot.
COLORS: main buffalo brown #8A5A2B, second sunburned skin, accent bright yellow scarf (element EARTH). common hero: simple clothes, few details, but keep the silhouette above.
FACE: cheeky grin, tongue out, mischievous eyes.
OUTFIT: bare chest, brown shorts, yellow scarf around the neck, bamboo flute in the belt. WEAPON / ITEM: slingshot.
MUST NOT look like the generic ""young man with a headband holding a long pole weapon"" shared by other heroes — keep only what is listed here.
CELLS (facing RIGHT in 3/4 view; in every full-body cell the feet stand on the same invisible baseline near the bottom of the cell, same scale, the body fills about 85% of the cell height):
ROW 1 — idle loop: [1] pulling the slingshot halfway, tongue out [2] same pose, breathing in: chest and shoulders slightly up, weapon/hair/cloth slightly lifted [3] same pose, small settle: knees slightly bent, cloth swinging the other way [4] portrait: head and shoulders, big and centered, showing the unique face.
ROW 2 — attack (shooting / casting forward): [5] prepare: weight back, drawing / aiming [6] swing: body twisting forward, about to release [7] hit: full extension, the projectile leaving the hand / weapon [8] recover: returning toward the idle pose.
ROW 3 — skill and reaction: [9] skill start: gathering power, small glow around the hands [10] skill peak: stunning clay pellets (small, inside the cell) [11] skill end: effect fading, body relaxing [12] hurt: flinching backward, eyes squeezed shut, one arm raised to guard (no blood).
ANIMATION RULES: same character identical in every cell, consistent size and outfit, feet on the same baseline, smooth motion between consecutive frames, clear gaps between cells. Small changes between neighbouring frames of the same row; nothing touches or crosses a cell border.
STYLE: cute stylized mobile-game character in the same art family as the other heroes: thick clean dark-brown outline #2A1608, flat cel shading (one shadow, one highlight), Dong Son bronze-drum motifs (zigzag bands, sun-star, Lac birds) on the clothes. Light file: about 20-30 flat colors, no gradients, no texture, no glow except the small effect asked.
DISTINCT SILHOUETTE (most important): the character must be recognizable from its black shadow alone, at 40 px: follow BODY for age, build and head-to-body ratio (do NOT give every hero the same 1/3 head and the same height), and make SIGNATURE SHAPE big and bold. Main color must clearly be the first COLORS entry.
FACE: do not reuse the generic chibi face (same round head, same big round eyes) — draw the unique features in FACE (eyebrows, beard, scars, wrinkles, age lines, eye shape).
BACKGROUND: perfectly flat pure magenta #FF00FF everywhere. No text, no numbers, no labels, no grid lines, no borders, no floor shadow, no watermark. Never use magenta on the subject. Keep at least 8% empty margin inside every cell; nothing crosses into another cell."
"thogom","Thợ Gốm Phù Lãng","Thường","Thổ","hero12 (4x3, ô 192)","768x576","thogom.png","python3 tools/cat-sheet.py thogom.png thogom hero12","Create ONE image: a 768x576 animation sprite sheet for a cute mobile tower-defense game based on Vietnamese folk legends, an invisible 4x3 grid of twelve equal 192x192 cells (4 columns, 3 rows, each ROW is one action read left to right). REDESIGN of the hero Thợ Gốm Phù Lãng so it is easy to tell apart from the other heroes.
BODY: young potter girl about 18, average build, head about 1/4 of the height.
SIGNATURE SHAPE: a big round blue-glazed clay pot held over her head ready to throw, headscarf knot.
COLORS: main sand cream #E8D2A6, second clay brown, accent blue glaze #3E6FA8 (element EARTH). common hero: simple clothes, few details, but keep the silhouette above.
FACE: clay smudge on the nose, cheerful grin, tongue at the corner of the mouth.
OUTFIT: cream apron over a clay-brown tunic, brown headscarf knot. WEAPON / ITEM: clay pots.
MUST NOT look like the generic ""young village girl in a simple dress"" shared by other heroes — keep only what is listed here.
CELLS (facing RIGHT in 3/4 view; in every full-body cell the feet stand on the same invisible baseline near the bottom of the cell, same scale, the body fills about 85% of the cell height):
ROW 1 — idle loop: [1] pot lifted overhead, one leg bent back [2] same pose, breathing in: chest and shoulders slightly up, weapon/hair/cloth slightly lifted [3] same pose, small settle: knees slightly bent, cloth swinging the other way [4] portrait: head and shoulders, big and centered, showing the unique face.
ROW 2 — attack (shooting / casting forward): [5] prepare: weight back, drawing / aiming [6] swing: body twisting forward, about to release [7] hit: full extension, the projectile leaving the hand / weapon [8] recover: returning toward the idle pose.
ROW 3 — skill and reaction: [9] skill start: gathering power, small glow around the hands [10] skill peak: shattering pot shards (small, inside the cell) [11] skill end: effect fading, body relaxing [12] hurt: flinching backward, eyes squeezed shut, one arm raised to guard (no blood).
ANIMATION RULES: same character identical in every cell, consistent size and outfit, feet on the same baseline, smooth motion between consecutive frames, clear gaps between cells. Small changes between neighbouring frames of the same row; nothing touches or crosses a cell border.
STYLE: cute stylized mobile-game character in the same art family as the other heroes: thick clean dark-brown outline #2A1608, flat cel shading (one shadow, one highlight), Dong Son bronze-drum motifs (zigzag bands, sun-star, Lac birds) on the clothes. Light file: about 20-30 flat colors, no gradients, no texture, no glow except the small effect asked.
DISTINCT SILHOUETTE (most important): the character must be recognizable from its black shadow alone, at 40 px: follow BODY for age, build and head-to-body ratio (do NOT give every hero the same 1/3 head and the same height), and make SIGNATURE SHAPE big and bold. Main color must clearly be the first COLORS entry.
FACE: do not reuse the generic chibi face (same round head, same big round eyes) — draw the unique features in FACE (eyebrows, beard, scars, wrinkles, age lines, eye shape).
BACKGROUND: perfectly flat pure magenta #FF00FF everywhere. No text, no numbers, no labels, no grid lines, no borders, no floor shadow, no watermark. Never use magenta on the subject. Keep at least 8% empty margin inside every cell; nothing crosses into another cell."
"thansuong","Thần Sương Núi","Thường","Thủy","hero12 (4x3, ô 192)","768x576","thansuong.png","python3 tools/cat-sheet.py thansuong.png thansuong hero12","Create ONE image: a 768x576 animation sprite sheet for a cute mobile tower-defense game based on Vietnamese folk legends, an invisible 4x3 grid of twelve equal 192x192 cells (4 columns, 3 rows, each ROW is one action read left to right). REDESIGN of the hero Thần Sương Núi so it is easy to tell apart from the other heroes.
BODY: small child-like mist spirit, slender, floating, NO legs: the body fades into a small cloud.
SIGNATURE SHAPE: very long white hair floating UPWARD like smoke and a cloud tail instead of legs.
COLORS: main icy pale cyan #BFEAF5, second frost white, accent deep blue ice crystal (element WATER). common hero: simple clothes, few details, but keep the silhouette above.
FACE: sleepy calm eyes, pale cheeks with frost freckles.
OUTFIT: misty scarf wrapping the body. WEAPON / ITEM: small ice crystal held in cupped hands.
MUST NOT look like the generic ""old man with a white beard holding a staff"" shared by other heroes — keep only what is listed here.
CELLS (facing RIGHT in 3/4 view; in every full-body cell the feet (or floating base) stand on the same invisible baseline near the bottom of the cell, same scale, the body fills about 85% of the cell height):
ROW 1 — idle loop: [1] floating, cupping a snowflake, drifting [2] same pose, breathing in: chest and shoulders slightly up, weapon/hair/cloth slightly lifted [3] same pose, small settle: knees slightly bent, cloth swinging the other way [4] portrait: head and shoulders, big and centered, showing the unique face.
ROW 2 — attack (shooting / casting forward): [5] prepare: weight back, drawing / aiming [6] swing: body twisting forward, about to release [7] hit: full extension, the projectile leaving the hand / weapon [8] recover: returning toward the idle pose.
ROW 3 — skill and reaction: [9] skill start: gathering power, small glow around the hands [10] skill peak: frost mist and snowflakes (small, inside the cell) [11] skill end: effect fading, body relaxing [12] hurt: flinching backward, eyes squeezed shut, one arm raised to guard (no blood).
ANIMATION RULES: same character identical in every cell, consistent size and outfit, feet on the same baseline, smooth motion between consecutive frames, clear gaps between cells. Small changes between neighbouring frames of the same row; nothing touches or crosses a cell border.
STYLE: cute stylized mobile-game character in the same art family as the other heroes: thick clean dark-brown outline #2A1608, flat cel shading (one shadow, one highlight), Dong Son bronze-drum motifs (zigzag bands, sun-star, Lac birds) on the clothes. Light file: about 20-30 flat colors, no gradients, no texture, no glow except the small effect asked.
DISTINCT SILHOUETTE (most important): the character must be recognizable from its black shadow alone, at 40 px: follow BODY for age, build and head-to-body ratio (do NOT give every hero the same 1/3 head and the same height), and make SIGNATURE SHAPE big and bold. Main color must clearly be the first COLORS entry.
FACE: do not reuse the generic chibi face (same round head, same big round eyes) — draw the unique features in FACE (eyebrows, beard, scars, wrinkles, age lines, eye shape).
BACKGROUND: perfectly flat pure magenta #FF00FF everywhere. No text, no numbers, no labels, no grid lines, no borders, no floor shadow, no watermark. Never use magenta on the subject. Keep at least 8% empty margin inside every cell; nothing crosses into another cell."
"chodo","Chàng Chèo Đò","Thường","Thủy","hero12 (4x3, ô 192)","768x576","chodo.png","python3 tools/cat-sheet.py chodo.png chodo hero12","Create ONE image: a 768x576 animation sprite sheet for a cute mobile tower-defense game based on Vietnamese folk legends, an invisible 4x3 grid of twelve equal 192x192 cells (4 columns, 3 rows, each ROW is one action read left to right). REDESIGN of the hero Chàng Chèo Đò so it is easy to tell apart from the other heroes.
BODY: big broad-shouldered young ferryman about 25, thick arms, short neck, head about 1/5 of the height.
SIGNATURE SHAPE: an oversized boat oar with a WIDE flat blade, longer than his body, leaned on diagonally; shaved head with a small topknot.
COLORS: main navy indigo #2B4C7E, second white, accent yellow rope (element WATER). common hero: simple clothes, few details, but keep the silhouette above.
FACE: shaved head, thick neck, friendly grin, broken nose.
OUTFIT: sleeveless white shirt, navy trousers rolled up, yellow rope belt. WEAPON / ITEM: big oar.
MUST NOT look like the generic ""young man with a headband holding a long pole weapon"" shared by other heroes — keep only what is listed here.
CELLS (facing RIGHT in 3/4 view; in every full-body cell the feet stand on the same invisible baseline near the bottom of the cell, same scale, the body fills about 85% of the cell height):
ROW 1 — idle loop: [1] leaning on the oar like a lazy giant, one hand on hip [2] same pose, breathing in: chest and shoulders slightly up, weapon/hair/cloth slightly lifted [3] same pose, small settle: knees slightly bent, cloth swinging the other way [4] portrait: head and shoulders, big and centered, showing the unique face.
ROW 2 — melee attack: [5] prepare: weight back, weapon pulled back [6] swing: body twisting forward, weapon moving with ONE short pale motion swoosh [7] hit: full extension, weapon at the end of the swing [8] recover: returning toward the idle pose.
ROW 3 — skill and reaction: [9] skill start: gathering power, small glow around the hands [10] skill peak: a wide sweep of river water (small, inside the cell) [11] skill end: effect fading, body relaxing [12] hurt: flinching backward, eyes squeezed shut, one arm raised to guard (no blood).
ANIMATION RULES: same character identical in every cell, consistent size and outfit, feet on the same baseline, smooth motion between consecutive frames, clear gaps between cells. Small changes between neighbouring frames of the same row; nothing touches or crosses a cell border.
STYLE: cute stylized mobile-game character in the same art family as the other heroes: thick clean dark-brown outline #2A1608, flat cel shading (one shadow, one highlight), Dong Son bronze-drum motifs (zigzag bands, sun-star, Lac birds) on the clothes. Light file: about 20-30 flat colors, no gradients, no texture, no glow except the small effect asked.
DISTINCT SILHOUETTE (most important): the character must be recognizable from its black shadow alone, at 40 px: follow BODY for age, build and head-to-body ratio (do NOT give every hero the same 1/3 head and the same height), and make SIGNATURE SHAPE big and bold. Main color must clearly be the first COLORS entry.
FACE: do not reuse the generic chibi face (same round head, same big round eyes) — draw the unique features in FACE (eyebrows, beard, scars, wrinkles, age lines, eye shape).
BACKGROUND: perfectly flat pure magenta #FF00FF everywhere. No text, no numbers, no labels, no grid lines, no borders, no floor shadow, no watermark. Never use magenta on the subject. Keep at least 8% empty margin inside every cell; nothing crosses into another cell."
"haisen","Cô Hái Sen","Thường","Thủy","hero12 (4x3, ô 192)","768x576","haisen.png","python3 tools/cat-sheet.py haisen.png haisen hero12","Create ONE image: a 768x576 animation sprite sheet for a cute mobile tower-defense game based on Vietnamese folk legends, an invisible 4x3 grid of twelve equal 192x192 cells (4 columns, 3 rows, each ROW is one action read left to right). REDESIGN of the hero Cô Hái Sen so it is easy to tell apart from the other heroes.
BODY: small girl about 10, short, round face, head about 1/3 of the height.
SIGNATURE SHAPE: a GIANT round lotus leaf held over her head like an umbrella and two short pigtails.
COLORS: main lotus pink #F4A3C0, second pale water blue #9ED3E8, accent green leaf (element WATER). common hero: simple clothes, few details, but keep the silhouette above.
FACE: big curious eyes, gap-tooth smile, rosy cheeks.
OUTFIT: pale blue ao ba ba, pink trousers, lotus flower tucked behind the ear. WEAPON / ITEM: lotus leaf umbrella and a pink lotus bud.
MUST NOT look like the generic ""young village girl in a simple dress"" shared by other heroes — keep only what is listed here.
CELLS (facing RIGHT in 3/4 view; in every full-body cell the feet stand on the same invisible baseline near the bottom of the cell, same scale, the body fills about 85% of the cell height):
ROW 1 — idle loop: [1] twirling the lotus leaf, swaying happily [2] same pose, breathing in: chest and shoulders slightly up, weapon/hair/cloth slightly lifted [3] same pose, small settle: knees slightly bent, cloth swinging the other way [4] portrait: head and shoulders, big and centered, showing the unique face.
ROW 2 — attack (shooting / casting forward): [5] prepare: weight back, drawing / aiming [6] swing: body twisting forward, about to release [7] hit: full extension, the projectile leaving the hand / weapon [8] recover: returning toward the idle pose.
ROW 3 — skill and reaction: [9] skill start: gathering power, small glow around the hands [10] skill peak: healing lotus petals and water drops (small, inside the cell) [11] skill end: effect fading, body relaxing [12] hurt: flinching backward, eyes squeezed shut, one arm raised to guard (no blood).
ANIMATION RULES: same character identical in every cell, consistent size and outfit, feet on the same baseline, smooth motion between consecutive frames, clear gaps between cells. Small changes between neighbouring frames of the same row; nothing touches or crosses a cell border.
STYLE: cute stylized mobile-game character in the same art family as the other heroes: thick clean dark-brown outline #2A1608, flat cel shading (one shadow, one highlight), Dong Son bronze-drum motifs (zigzag bands, sun-star, Lac birds) on the clothes. Light file: about 20-30 flat colors, no gradients, no texture, no glow except the small effect asked.
DISTINCT SILHOUETTE (most important): the character must be recognizable from its black shadow alone, at 40 px: follow BODY for age, build and head-to-body ratio (do NOT give every hero the same 1/3 head and the same height), and make SIGNATURE SHAPE big and bold. Main color must clearly be the first COLORS entry.
FACE: do not reuse the generic chibi face (same round head, same big round eyes) — draw the unique features in FACE (eyebrows, beard, scars, wrinkles, age lines, eye shape).
BACKGROUND: perfectly flat pure magenta #FF00FF everywhere. No text, no numbers, no labels, no grid lines, no borders, no floor shadow, no watermark. Never use magenta on the subject. Keep at least 8% empty margin inside every cell; nothing crosses into another cell."
"nguphu","Ngư Phủ Sông Đà","Thường","Thủy","hero12 (4x3, ô 192)","768x576","nguphu.png","python3 tools/cat-sheet.py nguphu.png nguphu hero12","Create ONE image: a 768x576 animation sprite sheet for a cute mobile tower-defense game based on Vietnamese folk legends, an invisible 4x3 grid of twelve equal 192x192 cells (4 columns, 3 rows, each ROW is one action read left to right). REDESIGN of the hero Ngư Phủ Sông Đà so it is easy to tell apart from the other heroes.
BODY: wiry middle-aged fisherman about 45, thin and sinewy, slightly bent knees, head about 1/4 of the height.
SIGNATURE SHAPE: a fishing net draped over one shoulder like a cape with orange floats, and a three-pronged fish spear.
COLORS: main river teal #3E8E8A, second faded indigo #46597A, accent orange net floats (element WATER). common hero: simple clothes, few details, but keep the silhouette above.
FACE: weathered skin, sunken cheeks, small goatee, knotted blue turban (khan van).
OUTFIT: teal shirt, indigo rolled trousers, bamboo fish trap at the waist. WEAPON / ITEM: three-pronged fish spear.
MUST NOT look like the generic ""villager in a conical hat and brown clothes"" shared by other heroes — keep only what is listed here.
CELLS (facing RIGHT in 3/4 view; in every full-body cell the feet stand on the same invisible baseline near the bottom of the cell, same scale, the body fills about 85% of the cell height):
ROW 1 — idle loop: [1] spear ready, net swinging from the shoulder [2] same pose, breathing in: chest and shoulders slightly up, weapon/hair/cloth slightly lifted [3] same pose, small settle: knees slightly bent, cloth swinging the other way [4] portrait: head and shoulders, big and centered, showing the unique face.
ROW 2 — melee attack: [5] prepare: weight back, weapon pulled back [6] swing: body twisting forward, weapon moving with ONE short pale motion swoosh [7] hit: full extension, weapon at the end of the swing [8] recover: returning toward the idle pose.
ROW 3 — skill and reaction: [9] skill start: gathering power, small glow around the hands [10] skill peak: a thrown net that tangles (small, inside the cell) [11] skill end: effect fading, body relaxing [12] hurt: flinching backward, eyes squeezed shut, one arm raised to guard (no blood).
ANIMATION RULES: same character identical in every cell, consistent size and outfit, feet on the same baseline, smooth motion between consecutive frames, clear gaps between cells. Small changes between neighbouring frames of the same row; nothing touches or crosses a cell border.
STYLE: cute stylized mobile-game character in the same art family as the other heroes: thick clean dark-brown outline #2A1608, flat cel shading (one shadow, one highlight), Dong Son bronze-drum motifs (zigzag bands, sun-star, Lac birds) on the clothes. Light file: about 20-30 flat colors, no gradients, no texture, no glow except the small effect asked.
DISTINCT SILHOUETTE (most important): the character must be recognizable from its black shadow alone, at 40 px: follow BODY for age, build and head-to-body ratio (do NOT give every hero the same 1/3 head and the same height), and make SIGNATURE SHAPE big and bold. Main color must clearly be the first COLORS entry.
FACE: do not reuse the generic chibi face (same round head, same big round eyes) — draw the unique features in FACE (eyebrows, beard, scars, wrinkles, age lines, eye shape).
BACKGROUND: perfectly flat pure magenta #FF00FF everywhere. No text, no numbers, no labels, no grid lines, no borders, no floor shadow, no watermark. Never use magenta on the subject. Keep at least 8% empty margin inside every cell; nothing crosses into another cell."
"tiendung","Tiên Dung","Tím","Hỏa","hero12 (4x3, ô 192)","768x576","tiendung.png","python3 tools/cat-sheet.py tiendung.png tiendung hero12","Create ONE image: a 768x576 animation sprite sheet for a cute mobile tower-defense game based on Vietnamese folk legends, an invisible 4x3 grid of twelve equal 192x192 cells (4 columns, 3 rows, each ROW is one action read left to right). REDESIGN of the hero Tiên Dung so it is easy to tell apart from the other heroes.
BODY: teen princess about 17, slim, head about 1/4 of the height.
SIGNATURE SHAPE: a big open round hand fan and hair in two big ring-shaped loops on top of the head.
COLORS: main crimson #C8243A, second peach #F7C59F, accent gold (element FIRE). epic hero: richer costume with a purple-silver trim and a small aura, but keep the silhouette above.
FACE: playful sly eyes, small pouty smile, rosy cheeks.
OUTFIT: crimson ao tu than with peach sash, purple-silver trim. WEAPON / ITEM: big round fan.
MUST NOT look like the generic ""young village girl in a simple dress"" shared by other heroes — keep only what is listed here.
CELLS (facing RIGHT in 3/4 view; in every full-body cell the feet stand on the same invisible baseline near the bottom of the cell, same scale, the body fills about 85% of the cell height):
ROW 1 — idle loop: [1] fanning playfully, hip tilted, teasing [2] same pose, breathing in: chest and shoulders slightly up, weapon/hair/cloth slightly lifted [3] same pose, small settle: knees slightly bent, cloth swinging the other way [4] portrait: head and shoulders, big and centered, showing the unique face.
ROW 2 — attack (shooting / casting forward): [5] prepare: weight back, drawing / aiming [6] swing: body twisting forward, about to release [7] hit: full extension, the projectile leaving the hand / weapon [8] recover: returning toward the idle pose.
ROW 3 — skill and reaction: [9] skill start: gathering power, small glow around the hands [10] skill peak: a gust of fire wind from the fan (small, inside the cell) [11] skill end: effect fading, body relaxing [12] hurt: flinching backward, eyes squeezed shut, one arm raised to guard (no blood).
ANIMATION RULES: same character identical in every cell, consistent size and outfit, feet on the same baseline, smooth motion between consecutive frames, clear gaps between cells. Small changes between neighbouring frames of the same row; nothing touches or crosses a cell border.
STYLE: cute stylized mobile-game character in the same art family as the other heroes: thick clean dark-brown outline #2A1608, flat cel shading (one shadow, one highlight), Dong Son bronze-drum motifs (zigzag bands, sun-star, Lac birds) on the clothes. Light file: about 20-30 flat colors, no gradients, no texture, no glow except the small effect asked.
DISTINCT SILHOUETTE (most important): the character must be recognizable from its black shadow alone, at 40 px: follow BODY for age, build and head-to-body ratio (do NOT give every hero the same 1/3 head and the same height), and make SIGNATURE SHAPE big and bold. Main color must clearly be the first COLORS entry.
FACE: do not reuse the generic chibi face (same round head, same big round eyes) — draw the unique features in FACE (eyebrows, beard, scars, wrinkles, age lines, eye shape).
BACKGROUND: perfectly flat pure magenta #FF00FF everywhere. No text, no numbers, no labels, no grid lines, no borders, no floor shadow, no watermark. Never use magenta on the subject. Keep at least 8% empty margin inside every cell; nothing crosses into another cell."
"potaoapui","Vua Lửa Pơtao Apui","Tím","Hỏa","hero12 (4x3, ô 192)","768x576","potaoapui.png","python3 tools/cat-sheet.py potaoapui.png potaoapui hero12","Create ONE image: a 768x576 animation sprite sheet for a cute mobile tower-defense game based on Vietnamese folk legends, an invisible 4x3 grid of twelve equal 192x192 cells (4 columns, 3 rows, each ROW is one action read left to right). REDESIGN of the hero Vua Lửa Pơtao Apui so it is easy to tell apart from the other heroes.
BODY: huge muscular highland chieftain about 40, very wide shoulders and chest, small head about 1/6 of the height.
SIGNATURE SHAPE: a big headdress of curved BUFFALO HORNS and a large flaming sacred sword planted in front.
COLORS: main black brocade #1E1E1E, second crimson red #B0182A, accent bronze-gold (element FIRE). epic hero: richer costume with a purple-silver trim and a small aura, but keep the silhouette above.
FACE: long black hair, strong jaw, stern brows, red dots painted on the cheeks.
OUTFIT: Jarai black-and-red brocade loincloth with zigzag patterns, bronze arm rings, purple-silver trim. WEAPON / ITEM: flaming sword.
MUST NOT look like the generic ""armored king or general with a gold crown or helmet"" shared by other heroes — keep only what is listed here.
CELLS (facing RIGHT in 3/4 view; in every full-body cell the feet stand on the same invisible baseline near the bottom of the cell, same scale, the body fills about 85% of the cell height):
ROW 1 — idle loop: [1] arms crossed over the sword pommel, unshakable [2] same pose, breathing in: chest and shoulders slightly up, weapon/hair/cloth slightly lifted [3] same pose, small settle: knees slightly bent, cloth swinging the other way [4] portrait: head and shoulders, big and centered, showing the unique face.
ROW 2 — melee attack: [5] prepare: weight back, weapon pulled back [6] swing: body twisting forward, weapon moving with ONE short pale motion swoosh [7] hit: full extension, weapon at the end of the swing [8] recover: returning toward the idle pose.
ROW 3 — skill and reaction: [9] skill start: gathering power, small glow around the hands [10] skill peak: a flaming sword thrust (small, inside the cell) [11] skill end: effect fading, body relaxing [12] hurt: flinching backward, eyes squeezed shut, one arm raised to guard (no blood).
ANIMATION RULES: same character identical in every cell, consistent size and outfit, feet on the same baseline, smooth motion between consecutive frames, clear gaps between cells. Small changes between neighbouring frames of the same row; nothing touches or crosses a cell border.
STYLE: cute stylized mobile-game character in the same art family as the other heroes: thick clean dark-brown outline #2A1608, flat cel shading (one shadow, one highlight), Dong Son bronze-drum motifs (zigzag bands, sun-star, Lac birds) on the clothes. Light file: about 20-30 flat colors, no gradients, no texture, no glow except the small effect asked.
DISTINCT SILHOUETTE (most important): the character must be recognizable from its black shadow alone, at 40 px: follow BODY for age, build and head-to-body ratio (do NOT give every hero the same 1/3 head and the same height), and make SIGNATURE SHAPE big and bold. Main color must clearly be the first COLORS entry.
FACE: do not reuse the generic chibi face (same round head, same big round eyes) — draw the unique features in FACE (eyebrows, beard, scars, wrinkles, age lines, eye shape).
BACKGROUND: perfectly flat pure magenta #FF00FF everywhere. No text, no numbers, no labels, no grid lines, no borders, no floor shadow, no watermark. Never use magenta on the subject. Keep at least 8% empty margin inside every cell; nothing crosses into another cell."
"baahoa","Bà Hỏa","Tím","Hỏa","hero12 (4x3, ô 192)","768x576","baahoa.png","python3 tools/cat-sheet.py baahoa.png baahoa hero12","Create ONE image: a 768x576 animation sprite sheet for a cute mobile tower-defense game based on Vietnamese folk legends, an invisible 4x3 grid of twelve equal 192x192 cells (4 columns, 3 rows, each ROW is one action read left to right). REDESIGN of the hero Bà Hỏa so it is easy to tell apart from the other heroes.
BODY: mysterious woman about 40, floating slightly, slim, head about 1/5 of the height.
SIGNATURE SHAPE: enormous hair floating upward like flames and smoke, wider than her body.
COLORS: main deep wine red #7A1426, second black, accent orange flame tips (element FIRE). epic hero: richer costume with a purple-silver trim and a small aura, but keep the silhouette above.
FACE: sharp narrow eyes, dark red lips, a sly cold smile.
OUTFIT: wine-red robe with black flame patterns, purple-silver trim. WEAPON / ITEM: a fireball floating in her palm.
MUST NOT look like the generic ""slender lady in a long robe with a staff and halo"" shared by other heroes — keep only what is listed here.
CELLS (facing RIGHT in 3/4 view; in every full-body cell the feet (or floating base) stand on the same invisible baseline near the bottom of the cell, same scale, the body fills about 85% of the cell height):
ROW 1 — idle loop: [1] floating, palm up holding fire, head tilted [2] same pose, breathing in: chest and shoulders slightly up, weapon/hair/cloth slightly lifted [3] same pose, small settle: knees slightly bent, cloth swinging the other way [4] portrait: head and shoulders, big and centered, showing the unique face.
ROW 2 — attack (shooting / casting forward): [5] prepare: weight back, drawing / aiming [6] swing: body twisting forward, about to release [7] hit: full extension, the projectile leaving the hand / weapon [8] recover: returning toward the idle pose.
ROW 3 — skill and reaction: [9] skill start: gathering power, small glow around the hands [10] skill peak: wildfire spreading (small, inside the cell) [11] skill end: effect fading, body relaxing [12] hurt: flinching backward, eyes squeezed shut, one arm raised to guard (no blood).
ANIMATION RULES: same character identical in every cell, consistent size and outfit, feet on the same baseline, smooth motion between consecutive frames, clear gaps between cells. Small changes between neighbouring frames of the same row; nothing touches or crosses a cell border.
STYLE: cute stylized mobile-game character in the same art family as the other heroes: thick clean dark-brown outline #2A1608, flat cel shading (one shadow, one highlight), Dong Son bronze-drum motifs (zigzag bands, sun-star, Lac birds) on the clothes. Light file: about 20-30 flat colors, no gradients, no texture, no glow except the small effect asked.
DISTINCT SILHOUETTE (most important): the character must be recognizable from its black shadow alone, at 40 px: follow BODY for age, build and head-to-body ratio (do NOT give every hero the same 1/3 head and the same height), and make SIGNATURE SHAPE big and bold. Main color must clearly be the first COLORS entry.
FACE: do not reuse the generic chibi face (same round head, same big round eyes) — draw the unique features in FACE (eyebrows, beard, scars, wrinkles, age lines, eye shape).
BACKGROUND: perfectly flat pure magenta #FF00FF everywhere. No text, no numbers, no labels, no grid lines, no borders, no floor shadow, no watermark. Never use magenta on the subject. Keep at least 8% empty margin inside every cell; nothing crosses into another cell."
"ongtao","Ông Táo","Tím","Hỏa","hero12 (4x3, ô 192)","768x576","ongtao.png","python3 tools/cat-sheet.py ongtao.png ongtao hero12","Create ONE image: a 768x576 animation sprite sheet for a cute mobile tower-defense game based on Vietnamese folk legends, an invisible 4x3 grid of twelve equal 192x192 cells (4 columns, 3 rows, each ROW is one action read left to right). REDESIGN of the hero Ông Táo so it is easy to tell apart from the other heroes.
BODY: plump short man about 50, round belly, short legs, head about 1/4 of the height.
SIGNATURE SHAPE: a black official hat with two long horizontal side wings (mu canh chuon) and a small golden carp swimming around him.
COLORS: main orange-red #E0592A, second black, accent gold carp (element FIRE). epic hero: richer costume with a purple-silver trim and a small aura, but keep the silhouette above.
FACE: jolly round face, thin mustache, rosy nose.
OUTFIT: orange-red robe (no trousers, bare legs — the folk joke), purple-silver trim. WEAPON / ITEM: long iron fire tongs holding a glowing coal.
CELLS (facing RIGHT in 3/4 view; in every full-body cell the feet stand on the same invisible baseline near the bottom of the cell, same scale, the body fills about 85% of the cell height):
ROW 1 — idle loop: [1] tongs held up, belly out, jolly [2] same pose, breathing in: chest and shoulders slightly up, weapon/hair/cloth slightly lifted [3] same pose, small settle: knees slightly bent, cloth swinging the other way [4] portrait: head and shoulders, big and centered, showing the unique face.
ROW 2 — melee attack: [5] prepare: weight back, weapon pulled back [6] swing: body twisting forward, weapon moving with ONE short pale motion swoosh [7] hit: full extension, weapon at the end of the swing [8] recover: returning toward the idle pose.
ROW 3 — skill and reaction: [9] skill start: gathering power, small glow around the hands [10] skill peak: kitchen fire burst (small, inside the cell) [11] skill end: effect fading, body relaxing [12] hurt: flinching backward, eyes squeezed shut, one arm raised to guard (no blood).
ANIMATION RULES: same character identical in every cell, consistent size and outfit, feet on the same baseline, smooth motion between consecutive frames, clear gaps between cells. Small changes between neighbouring frames of the same row; nothing touches or crosses a cell border.
STYLE: cute stylized mobile-game character in the same art family as the other heroes: thick clean dark-brown outline #2A1608, flat cel shading (one shadow, one highlight), Dong Son bronze-drum motifs (zigzag bands, sun-star, Lac birds) on the clothes. Light file: about 20-30 flat colors, no gradients, no texture, no glow except the small effect asked.
DISTINCT SILHOUETTE (most important): the character must be recognizable from its black shadow alone, at 40 px: follow BODY for age, build and head-to-body ratio (do NOT give every hero the same 1/3 head and the same height), and make SIGNATURE SHAPE big and bold. Main color must clearly be the first COLORS entry.
FACE: do not reuse the generic chibi face (same round head, same big round eyes) — draw the unique features in FACE (eyebrows, beard, scars, wrinkles, age lines, eye shape).
BACKGROUND: perfectly flat pure magenta #FF00FF everywhere. No text, no numbers, no labels, no grid lines, no borders, no floor shadow, no watermark. Never use magenta on the subject. Keep at least 8% empty margin inside every cell; nothing crosses into another cell."
"nghedong","Nghê Đồng","Tím","Kim","hero12 (4x3, ô 192)","768x576","nghedong.png","python3 tools/cat-sheet.py nghedong.png nghedong hero12","Create ONE image: a 768x576 animation sprite sheet for a cute mobile tower-defense game based on Vietnamese folk legends, an invisible 4x3 grid of twelve equal 192x192 cells (4 columns, 3 rows, each ROW is one action read left to right). REDESIGN of the hero Nghê Đồng so it is easy to tell apart from the other heroes.
BODY: Vietnamese nghe temple guardian beast on ALL FOURS, low and wide like a big muscular dog, short legs, large head.
SIGNATURE SHAPE: a mane of big curly flame-shaped spirals around the head and a bushy curly tail curling up over the back.
COLORS: main dark antique bronze #8C5A2B, second verdigris green #5FA39A, accent gold bell (element METAL). epic hero: richer costume with a purple-silver trim and a small aura, but keep the silhouette above.
FACE: wide toothy grin, bulging round eyes, curly eyebrows, flat lion nose.
OUTFIT: gold bell on a red collar, verdigris patches on the bronze body. WEAPON / ITEM: none, paws and bite.
MUST NOT look like the generic ""silver-armored beast standing upright or a hero with a tiger"" shared by other heroes — keep only what is listed here.
CELLS (facing RIGHT in 3/4 view; in every full-body cell the feet stand on the same invisible baseline near the bottom of the cell, same scale, the body fills about 85% of the cell height):
ROW 1 — idle loop: [1] crouched on four legs ready to pounce, tail up, playful [2] same pose, breathing in: chest and shoulders slightly up, weapon/hair/cloth slightly lifted [3] same pose, small settle: knees slightly bent, cloth swinging the other way [4] portrait: head and shoulders, big and centered, showing the unique face.
ROW 2 — melee attack: [5] prepare: weight back, weapon pulled back [6] swing: body twisting forward, weapon moving with ONE short pale motion swoosh [7] hit: full extension, weapon at the end of the swing [8] recover: returning toward the idle pose.
ROW 3 — skill and reaction: [9] skill start: gathering power, small glow around the hands [10] skill peak: bronze shockwave rings from a roar (small, inside the cell) [11] skill end: effect fading, body relaxing [12] hurt: flinching backward, eyes squeezed shut, one arm raised to guard (no blood).
ANIMATION RULES: same character identical in every cell, consistent size and outfit, feet on the same baseline, smooth motion between consecutive frames, clear gaps between cells. Small changes between neighbouring frames of the same row; nothing touches or crosses a cell border.
STYLE: cute stylized mobile-game character in the same art family as the other heroes: thick clean dark-brown outline #2A1608, flat cel shading (one shadow, one highlight), Dong Son bronze-drum motifs (zigzag bands, sun-star, Lac birds) on the clothes. Light file: about 20-30 flat colors, no gradients, no texture, no glow except the small effect asked.
DISTINCT SILHOUETTE (most important): the character must be recognizable from its black shadow alone, at 40 px: follow BODY for age, build and head-to-body ratio (do NOT give every hero the same 1/3 head and the same height), and make SIGNATURE SHAPE big and bold. Main color must clearly be the first COLORS entry.
FACE: do not reuse the generic chibi face (same round head, same big round eyes) — draw the unique features in FACE (eyebrows, beard, scars, wrinkles, age lines, eye shape).
BACKGROUND: perfectly flat pure magenta #FF00FF everywhere. No text, no numbers, no labels, no grid lines, no borders, no floor shadow, no watermark. Never use magenta on the subject. Keep at least 8% empty margin inside every cell; nothing crosses into another cell."
"mychau","Mỵ Châu","Tím","Kim","hero12 (4x3, ô 192)","768x576","mychau.png","python3 tools/cat-sheet.py mychau.png mychau hero12","Create ONE image: a 768x576 animation sprite sheet for a cute mobile tower-defense game based on Vietnamese folk legends, an invisible 4x3 grid of twelve equal 192x192 cells (4 columns, 3 rows, each ROW is one action read left to right). REDESIGN of the hero Mỵ Châu so it is easy to tell apart from the other heroes.
BODY: petite slim teenage princess about 16, narrow shoulders, head about 1/4 of the height.
SIGNATURE SHAPE: a long WHITE goose-feather cloak that drapes down behind her and trails on the ground like a wide triangle (no wings), straight black hair down to the knees.
COLORS: main snow white #F7F7F2, second pale lilac #C9C3DD, accent one small red ribbon (element METAL). epic hero: richer costume with a purple-silver trim and a small aura, but keep the silhouette above.
FACE: soft sad eyes with long lashes, tiny mouth, little beauty mark on the chin.
OUTFIT: lilac silk dress under the feather cloak, pearl hairpins, purple-silver trim. WEAPON / ITEM: none, she scatters white feathers.
MUST NOT look like the generic ""slender lady in a long robe with a staff and halo"" shared by other heroes — keep only what is listed here.
CELLS (facing RIGHT in 3/4 view; in every full-body cell the feet stand on the same invisible baseline near the bottom of the cell, same scale, the body fills about 85% of the cell height):
ROW 1 — idle loop: [1] one hand holding the edge of the cloak, the other hand dropping feathers, gentle head tilt [2] same pose, breathing in: chest and shoulders slightly up, weapon/hair/cloth slightly lifted [3] same pose, small settle: knees slightly bent, cloth swinging the other way [4] portrait: head and shoulders, big and centered, showing the unique face.
ROW 2 — attack (shooting / casting forward): [5] prepare: weight back, drawing / aiming [6] swing: body twisting forward, about to release [7] hit: full extension, the projectile leaving the hand / weapon [8] recover: returning toward the idle pose.
ROW 3 — skill and reaction: [9] skill start: gathering power, small glow around the hands [10] skill peak: white feathers turning into small birds (small, inside the cell) [11] skill end: effect fading, body relaxing [12] hurt: flinching backward, eyes squeezed shut, one arm raised to guard (no blood).
ANIMATION RULES: same character identical in every cell, consistent size and outfit, feet on the same baseline, smooth motion between consecutive frames, clear gaps between cells. Small changes between neighbouring frames of the same row; nothing touches or crosses a cell border.
STYLE: cute stylized mobile-game character in the same art family as the other heroes: thick clean dark-brown outline #2A1608, flat cel shading (one shadow, one highlight), Dong Son bronze-drum motifs (zigzag bands, sun-star, Lac birds) on the clothes. Light file: about 20-30 flat colors, no gradients, no texture, no glow except the small effect asked.
DISTINCT SILHOUETTE (most important): the character must be recognizable from its black shadow alone, at 40 px: follow BODY for age, build and head-to-body ratio (do NOT give every hero the same 1/3 head and the same height), and make SIGNATURE SHAPE big and bold. Main color must clearly be the first COLORS entry.
FACE: do not reuse the generic chibi face (same round head, same big round eyes) — draw the unique features in FACE (eyebrows, beard, scars, wrinkles, age lines, eye shape).
BACKGROUND: perfectly flat pure magenta #FF00FF everywhere. No text, no numbers, no labels, no grid lines, no borders, no floor shadow, no watermark. Never use magenta on the subject. Keep at least 8% empty margin inside every cell; nothing crosses into another cell."
"trongdong","Thần Trống Đồng","Tím","Kim","hero12 (4x3, ô 192)","768x576","trongdong.png","python3 tools/cat-sheet.py trongdong.png trongdong hero12","Create ONE image: a 768x576 animation sprite sheet for a cute mobile tower-defense game based on Vietnamese folk legends, an invisible 4x3 grid of twelve equal 192x192 cells (4 columns, 3 rows, each ROW is one action read left to right). REDESIGN of the hero Thần Trống Đồng so it is easy to tell apart from the other heroes.
BODY: stout barrel-chested drum spirit, round body, short legs, head about 1/4 of the height.
SIGNATURE SHAPE: a HUGE Dong Son bronze drum carried on his back, wider than his body, with the sun-star face showing.
COLORS: main polished gold-bronze #D4A23C, second deep red-brown #7A3B1E, accent green patina (element METAL). epic hero: richer costume with a purple-silver trim and a small aura, but keep the silhouette above.
FACE: big round cheeks, wide open shouting mouth, short square beard, bushy brows.
OUTFIT: red-brown wrap with bronze plates, small crown of Lac-bird feathers, purple-silver trim. WEAPON / ITEM: two wooden drum mallets.
MUST NOT look like the generic ""armored king or general with a gold crown or helmet"" shared by other heroes — keep only what is listed here.
CELLS (facing RIGHT in 3/4 view; in every full-body cell the feet (or floating base) stand on the same invisible baseline near the bottom of the cell, same scale, the body fills about 85% of the cell height):
ROW 1 — idle loop: [1] wide stance, one mallet raised high, shouting a war call [2] same pose, breathing in: chest and shoulders slightly up, weapon/hair/cloth slightly lifted [3] same pose, small settle: knees slightly bent, cloth swinging the other way [4] portrait: head and shoulders, big and centered, showing the unique face.
ROW 2 — melee attack: [5] prepare: weight back, weapon pulled back [6] swing: body twisting forward, weapon moving with ONE short pale motion swoosh [7] hit: full extension, weapon at the end of the swing [8] recover: returning toward the idle pose.
ROW 3 — skill and reaction: [9] skill start: gathering power, small glow around the hands [10] skill peak: golden drum-beat rings and sun-star (small, inside the cell) [11] skill end: effect fading, body relaxing [12] hurt: flinching backward, eyes squeezed shut, one arm raised to guard (no blood).
ANIMATION RULES: same character identical in every cell, consistent size and outfit, feet on the same baseline, smooth motion between consecutive frames, clear gaps between cells. Small changes between neighbouring frames of the same row; nothing touches or crosses a cell border.
STYLE: cute stylized mobile-game character in the same art family as the other heroes: thick clean dark-brown outline #2A1608, flat cel shading (one shadow, one highlight), Dong Son bronze-drum motifs (zigzag bands, sun-star, Lac birds) on the clothes. Light file: about 20-30 flat colors, no gradients, no texture, no glow except the small effect asked.
DISTINCT SILHOUETTE (most important): the character must be recognizable from its black shadow alone, at 40 px: follow BODY for age, build and head-to-body ratio (do NOT give every hero the same 1/3 head and the same height), and make SIGNATURE SHAPE big and bold. Main color must clearly be the first COLORS entry.
FACE: do not reuse the generic chibi face (same round head, same big round eyes) — draw the unique features in FACE (eyebrows, beard, scars, wrinkles, age lines, eye shape).
BACKGROUND: perfectly flat pure magenta #FF00FF everywhere. No text, no numbers, no labels, no grid lines, no borders, no floor shadow, no watermark. Never use magenta on the subject. Keep at least 8% empty margin inside every cell; nothing crosses into another cell."
"caolo","Cao Lỗ","Tím","Kim","hero12 (4x3, ô 192)","768x576","caolo.png","python3 tools/cat-sheet.py caolo.png caolo hero12","Create ONE image: a 768x576 animation sprite sheet for a cute mobile tower-defense game based on Vietnamese folk legends, an invisible 4x3 grid of twelve equal 192x192 cells (4 columns, 3 rows, each ROW is one action read left to right). REDESIGN of the hero Cao Lỗ so it is easy to tell apart from the other heroes.
BODY: middle-aged inventor about 45, average height, thick forearms, slight belly, head about 1/4 of the height.
SIGNATURE SHAPE: a WIDE mechanical crossbow held horizontally, wider than his whole body, with visible bronze gears and a crank.
COLORS: main dark iron grey #5B6168, second leather brown #7B5434, accent bronze gears (element METAL). epic hero: richer costume with a purple-silver trim and a small aura, but keep the silhouette above.
FACE: trimmed square beard and mustache, furrowed focused brows, bronze magnifying lens strapped over one eye.
OUTFIT: leather apron full of tools over an iron-grey tunic, purple-silver trim. WEAPON / ITEM: big repeating crossbow.
MUST NOT look like the generic ""man in a plain brown-yellow tunic standing straight holding a small object"" shared by other heroes — keep only what is listed here.
CELLS (facing RIGHT in 3/4 view; in every full-body cell the feet stand on the same invisible baseline near the bottom of the cell, same scale, the body fills about 85% of the cell height):
ROW 1 — idle loop: [1] kneeling on one knee aiming the crossbow, one eye closed [2] same pose, breathing in: chest and shoulders slightly up, weapon/hair/cloth slightly lifted [3] same pose, small settle: knees slightly bent, cloth swinging the other way [4] portrait: head and shoulders, big and centered, showing the unique face.
ROW 2 — attack (shooting / casting forward): [5] prepare: weight back, drawing / aiming [6] swing: body twisting forward, about to release [7] hit: full extension, the projectile leaving the hand / weapon [8] recover: returning toward the idle pose.
ROW 3 — skill and reaction: [9] skill start: gathering power, small glow around the hands [10] skill peak: a burst of piercing bronze bolts (small, inside the cell) [11] skill end: effect fading, body relaxing [12] hurt: flinching backward, eyes squeezed shut, one arm raised to guard (no blood).
ANIMATION RULES: same character identical in every cell, consistent size and outfit, feet on the same baseline, smooth motion between consecutive frames, clear gaps between cells. Small changes between neighbouring frames of the same row; nothing touches or crosses a cell border.
STYLE: cute stylized mobile-game character in the same art family as the other heroes: thick clean dark-brown outline #2A1608, flat cel shading (one shadow, one highlight), Dong Son bronze-drum motifs (zigzag bands, sun-star, Lac birds) on the clothes. Light file: about 20-30 flat colors, no gradients, no texture, no glow except the small effect asked.
DISTINCT SILHOUETTE (most important): the character must be recognizable from its black shadow alone, at 40 px: follow BODY for age, build and head-to-body ratio (do NOT give every hero the same 1/3 head and the same height), and make SIGNATURE SHAPE big and bold. Main color must clearly be the first COLORS entry.
FACE: do not reuse the generic chibi face (same round head, same big round eyes) — draw the unique features in FACE (eyebrows, beard, scars, wrinkles, age lines, eye shape).
BACKGROUND: perfectly flat pure magenta #FF00FF everywhere. No text, no numbers, no labels, no grid lines, no borders, no floor shadow, no watermark. Never use magenta on the subject. Keep at least 8% empty margin inside every cell; nothing crosses into another cell."
"thachsanh","Thạch Sanh","Tím","Mộc","hero12 (4x3, ô 192)","768x576","thachsanh.png","python3 tools/cat-sheet.py thachsanh.png thachsanh hero12","Create ONE image: a 768x576 animation sprite sheet for a cute mobile tower-defense game based on Vietnamese folk legends, an invisible 4x3 grid of twelve equal 192x192 cells (4 columns, 3 rows, each ROW is one action read left to right). REDESIGN of the hero Thạch Sanh so it is easy to tell apart from the other heroes.
BODY: tall muscular young woodcutter about 22, V-shaped torso, long legs, head about 1/5 of the height.
SIGNATURE SHAPE: a HUGE woodcutter axe with a wide blade planted head-down in front of him and a round magic moon-lute slung on his back.
COLORS: main forest green #2E7D3A, second tan skin, accent gold lute (element WOOD). epic hero: richer costume with a purple-silver trim and a small aura, but keep the silhouette above.
FACE: honest kind face, wide jaw, messy shaggy hair, small scar on the eyebrow.
OUTFIT: bare chest, forest-green loincloth with rope belt, purple-silver trim on the lute strap. WEAPON / ITEM: giant axe.
CELLS (facing RIGHT in 3/4 view; in every full-body cell the feet stand on the same invisible baseline near the bottom of the cell, same scale, the body fills about 85% of the cell height):
ROW 1 — idle loop: [1] both hands resting on the axe handle, relaxed and strong [2] same pose, breathing in: chest and shoulders slightly up, weapon/hair/cloth slightly lifted [3] same pose, small settle: knees slightly bent, cloth swinging the other way [4] portrait: head and shoulders, big and centered, showing the unique face.
ROW 2 — melee attack: [5] prepare: weight back, weapon pulled back [6] swing: body twisting forward, weapon moving with ONE short pale motion swoosh [7] hit: full extension, weapon at the end of the swing [8] recover: returning toward the idle pose.
ROW 3 — skill and reaction: [9] skill start: gathering power, small glow around the hands [10] skill peak: golden axe slash with lute notes (small, inside the cell) [11] skill end: effect fading, body relaxing [12] hurt: flinching backward, eyes squeezed shut, one arm raised to guard (no blood).
ANIMATION RULES: same character identical in every cell, consistent size and outfit, feet on the same baseline, smooth motion between consecutive frames, clear gaps between cells. Small changes between neighbouring frames of the same row; nothing touches or crosses a cell border.
STYLE: cute stylized mobile-game character in the same art family as the other heroes: thick clean dark-brown outline #2A1608, flat cel shading (one shadow, one highlight), Dong Son bronze-drum motifs (zigzag bands, sun-star, Lac birds) on the clothes. Light file: about 20-30 flat colors, no gradients, no texture, no glow except the small effect asked.
DISTINCT SILHOUETTE (most important): the character must be recognizable from its black shadow alone, at 40 px: follow BODY for age, build and head-to-body ratio (do NOT give every hero the same 1/3 head and the same height), and make SIGNATURE SHAPE big and bold. Main color must clearly be the first COLORS entry.
FACE: do not reuse the generic chibi face (same round head, same big round eyes) — draw the unique features in FACE (eyebrows, beard, scars, wrinkles, age lines, eye shape).
BACKGROUND: perfectly flat pure magenta #FF00FF everywhere. No text, no numbers, no labels, no grid lines, no borders, no floor shadow, no watermark. Never use magenta on the subject. Keep at least 8% empty margin inside every cell; nothing crosses into another cell."
"antiem","Mai An Tiêm","Tím","Mộc","hero12 (4x3, ô 192)","768x576","antiem.png","python3 tools/cat-sheet.py antiem.png antiem hero12","Create ONE image: a 768x576 animation sprite sheet for a cute mobile tower-defense game based on Vietnamese folk legends, an invisible 4x3 grid of twelve equal 192x192 cells (4 columns, 3 rows, each ROW is one action read left to right). REDESIGN of the hero Mai An Tiêm so it is easy to tell apart from the other heroes.
BODY: sunburned castaway man about 30, average build, head about 1/4 of the height.
SIGNATURE SHAPE: a shaggy straw raincoat (ao toi) like a hay cape and a HUGE striped watermelon held on his shoulder.
COLORS: main straw beige #D8C38A, second dark watermelon green #1F5E2A, accent red melon flesh #E04848 (element WOOD). epic hero: richer costume with a purple-silver trim and a small aura, but keep the silhouette above.
FACE: stubble beard, wind-swept rope-tied hair bun, cheerful squint.
OUTFIT: straw cape over a torn brown shirt, sea-shell necklace, purple-silver trim. WEAPON / ITEM: watermelons to throw.
MUST NOT look like the generic ""villager in a conical hat and brown clothes"" shared by other heroes — keep only what is listed here.
CELLS (facing RIGHT in 3/4 view; in every full-body cell the feet stand on the same invisible baseline near the bottom of the cell, same scale, the body fills about 85% of the cell height):
ROW 1 — idle loop: [1] hoisting the watermelon on one shoulder, other hand waving [2] same pose, breathing in: chest and shoulders slightly up, weapon/hair/cloth slightly lifted [3] same pose, small settle: knees slightly bent, cloth swinging the other way [4] portrait: head and shoulders, big and centered, showing the unique face.
ROW 2 — attack (shooting / casting forward): [5] prepare: weight back, drawing / aiming [6] swing: body twisting forward, about to release [7] hit: full extension, the projectile leaving the hand / weapon [8] recover: returning toward the idle pose.
ROW 3 — skill and reaction: [9] skill start: gathering power, small glow around the hands [10] skill peak: exploding watermelon with gold seeds (small, inside the cell) [11] skill end: effect fading, body relaxing [12] hurt: flinching backward, eyes squeezed shut, one arm raised to guard (no blood).
ANIMATION RULES: same character identical in every cell, consistent size and outfit, feet on the same baseline, smooth motion between consecutive frames, clear gaps between cells. Small changes between neighbouring frames of the same row; nothing touches or crosses a cell border.
STYLE: cute stylized mobile-game character in the same art family as the other heroes: thick clean dark-brown outline #2A1608, flat cel shading (one shadow, one highlight), Dong Son bronze-drum motifs (zigzag bands, sun-star, Lac birds) on the clothes. Light file: about 20-30 flat colors, no gradients, no texture, no glow except the small effect asked.
DISTINCT SILHOUETTE (most important): the character must be recognizable from its black shadow alone, at 40 px: follow BODY for age, build and head-to-body ratio (do NOT give every hero the same 1/3 head and the same height), and make SIGNATURE SHAPE big and bold. Main color must clearly be the first COLORS entry.
FACE: do not reuse the generic chibi face (same round head, same big round eyes) — draw the unique features in FACE (eyebrows, beard, scars, wrinkles, age lines, eye shape).
BACKGROUND: perfectly flat pure magenta #FF00FF everywhere. No text, no numbers, no labels, no grid lines, no borders, no floor shadow, no watermark. Never use magenta on the subject. Keep at least 8% empty margin inside every cell; nothing crosses into another cell."
"sodua","Sọ Dừa","Tím","Mộc","hero12 (4x3, ô 192)","768x576","sodua.png","python3 tools/cat-sheet.py sodua.png sodua hero12","Create ONE image: a 768x576 animation sprite sheet for a cute mobile tower-defense game based on Vietnamese folk legends, an invisible 4x3 grid of twelve equal 192x192 cells (4 columns, 3 rows, each ROW is one action read left to right). REDESIGN of the hero Sọ Dừa so it is easy to tell apart from the other heroes.
BODY: tiny boy almost completely inside a ROUND coconut, the coconut is his whole body, only small arms and legs stick out.
SIGNATURE SHAPE: a perfectly round coconut-ball body with the top of the shell worn as a hat.
COLORS: main coconut brown #7A5230, second young-coconut green #6FAF3C, accent cream coconut flesh (element WOOD). epic hero: richer costume with a purple-silver trim and a small aura, but keep the silhouette above.
FACE: kind bright eyes peeking out from the shell, chubby cheeks, small smile.
OUTFIT: purple-silver trim ring around the shell opening, small flute tied on. WEAPON / ITEM: none, throws green coconuts.
CELLS (facing RIGHT in 3/4 view; in every full-body cell the feet stand on the same invisible baseline near the bottom of the cell, same scale, the body fills about 85% of the cell height):
ROW 1 — idle loop: [1] rolling slightly sideways, playing the small flute [2] same pose, breathing in: chest and shoulders slightly up, weapon/hair/cloth slightly lifted [3] same pose, small settle: knees slightly bent, cloth swinging the other way [4] portrait: head and shoulders, big and centered, showing the unique face.
ROW 2 — attack (shooting / casting forward): [5] prepare: weight back, drawing / aiming [6] swing: body twisting forward, about to release [7] hit: full extension, the projectile leaving the hand / weapon [8] recover: returning toward the idle pose.
ROW 3 — skill and reaction: [9] skill start: gathering power, small glow around the hands [10] skill peak: coconut shell opening with light (small, inside the cell) [11] skill end: effect fading, body relaxing [12] hurt: flinching backward, eyes squeezed shut, one arm raised to guard (no blood).
ANIMATION RULES: same character identical in every cell, consistent size and outfit, feet on the same baseline, smooth motion between consecutive frames, clear gaps between cells. Small changes between neighbouring frames of the same row; nothing touches or crosses a cell border.
STYLE: cute stylized mobile-game character in the same art family as the other heroes: thick clean dark-brown outline #2A1608, flat cel shading (one shadow, one highlight), Dong Son bronze-drum motifs (zigzag bands, sun-star, Lac birds) on the clothes. Light file: about 20-30 flat colors, no gradients, no texture, no glow except the small effect asked.
DISTINCT SILHOUETTE (most important): the character must be recognizable from its black shadow alone, at 40 px: follow BODY for age, build and head-to-body ratio (do NOT give every hero the same 1/3 head and the same height), and make SIGNATURE SHAPE big and bold. Main color must clearly be the first COLORS entry.
FACE: do not reuse the generic chibi face (same round head, same big round eyes) — draw the unique features in FACE (eyebrows, beard, scars, wrinkles, age lines, eye shape).
BACKGROUND: perfectly flat pure magenta #FF00FF everywhere. No text, no numbers, no labels, no grid lines, no borders, no floor shadow, no watermark. Never use magenta on the subject. Keep at least 8% empty margin inside every cell; nothing crosses into another cell."
"thansan","Thần Săn Ba Vì","Tím","Mộc","hero12 (4x3, ô 192)","768x576","thansan.png","python3 tools/cat-sheet.py thansan.png thansan hero12","Create ONE image: a 768x576 animation sprite sheet for a cute mobile tower-defense game based on Vietnamese folk legends, an invisible 4x3 grid of twelve equal 192x192 cells (4 columns, 3 rows, each ROW is one action read left to right). REDESIGN of the hero Thần Săn Ba Vì so it is easy to tell apart from the other heroes.
BODY: tall wiry hunter god about 30, long legs, narrow waist, head about 1/5 of the height.
SIGNATURE SHAPE: a deer-skull headdress with BIG branching antlers and a fur cape.
COLORS: main deep olive #556B2F, second fur tan #C7A27A, accent red-ochre war paint (element WOOD). epic hero: richer costume with a purple-silver trim and a small aura, but keep the silhouette above.
FACE: red-ochre war paint stripes across the eyes, sharp cheekbones, focused stare.
OUTFIT: olive leather tunic, fur cape, bone necklace, purple-silver trim. WEAPON / ITEM: long bamboo hunting spear with a leaf blade.
MUST NOT look like the generic ""silver-armored beast standing upright or a hero with a tiger"" or ""hooded hunter with a spear"" shared by other heroes — keep only what is listed here.
CELLS (facing RIGHT in 3/4 view; in every full-body cell the feet stand on the same invisible baseline near the bottom of the cell, same scale, the body fills about 85% of the cell height):
ROW 1 — idle loop: [1] spear held low, scanning ahead, one foot forward [2] same pose, breathing in: chest and shoulders slightly up, weapon/hair/cloth slightly lifted [3] same pose, small settle: knees slightly bent, cloth swinging the other way [4] portrait: head and shoulders, big and centered, showing the unique face.
ROW 2 — melee attack: [5] prepare: weight back, weapon pulled back [6] swing: body twisting forward, weapon moving with ONE short pale motion swoosh [7] hit: full extension, weapon at the end of the swing [8] recover: returning toward the idle pose.
ROW 3 — skill and reaction: [9] skill start: gathering power, small glow around the hands [10] skill peak: green spear throw with spirit deer (small, inside the cell) [11] skill end: effect fading, body relaxing [12] hurt: flinching backward, eyes squeezed shut, one arm raised to guard (no blood).
ANIMATION RULES: same character identical in every cell, consistent size and outfit, feet on the same baseline, smooth motion between consecutive frames, clear gaps between cells. Small changes between neighbouring frames of the same row; nothing touches or crosses a cell border.
STYLE: cute stylized mobile-game character in the same art family as the other heroes: thick clean dark-brown outline #2A1608, flat cel shading (one shadow, one highlight), Dong Son bronze-drum motifs (zigzag bands, sun-star, Lac birds) on the clothes. Light file: about 20-30 flat colors, no gradients, no texture, no glow except the small effect asked.
DISTINCT SILHOUETTE (most important): the character must be recognizable from its black shadow alone, at 40 px: follow BODY for age, build and head-to-body ratio (do NOT give every hero the same 1/3 head and the same height), and make SIGNATURE SHAPE big and bold. Main color must clearly be the first COLORS entry.
FACE: do not reuse the generic chibi face (same round head, same big round eyes) — draw the unique features in FACE (eyebrows, beard, scars, wrinkles, age lines, eye shape).
BACKGROUND: perfectly flat pure magenta #FF00FF everywhere. No text, no numbers, no labels, no grid lines, no borders, no floor shadow, no watermark. Never use magenta on the subject. Keep at least 8% empty margin inside every cell; nothing crosses into another cell."
"langlieu","Lang Liêu","Tím","Thổ","hero12 (4x3, ô 192)","768x576","langlieu.png","python3 tools/cat-sheet.py langlieu.png langlieu hero12","Create ONE image: a 768x576 animation sprite sheet for a cute mobile tower-defense game based on Vietnamese folk legends, an invisible 4x3 grid of twelve equal 192x192 cells (4 columns, 3 rows, each ROW is one action read left to right). REDESIGN of the hero Lang Liêu so it is easy to tell apart from the other heroes.
BODY: slim gentle young prince about 20, narrow shoulders, head about 1/4 of the height.
SIGNATURE SHAPE: a tall STACK of square green banh chung cakes carried on a tray.
COLORS: main ochre yellow #E3B448, second banana-leaf green, accent brown sash (element EARTH). epic hero: richer costume with a purple-silver trim and a small aura, but keep the silhouette above.
FACE: humble shy eyes, small polite smile, neat hair under a simple gold headband.
OUTFIT: ochre tunic, brown sash, purple-silver trim. WEAPON / ITEM: tray of banh chung.
MUST NOT look like the generic ""man in a plain brown-yellow tunic standing straight holding a small object"" shared by other heroes — keep only what is listed here.
CELLS (facing RIGHT in 3/4 view; in every full-body cell the feet stand on the same invisible baseline near the bottom of the cell, same scale, the body fills about 85% of the cell height):
ROW 1 — idle loop: [1] bowing slightly while offering the tray [2] same pose, breathing in: chest and shoulders slightly up, weapon/hair/cloth slightly lifted [3] same pose, small settle: knees slightly bent, cloth swinging the other way [4] portrait: head and shoulders, big and centered, showing the unique face.
ROW 2 — attack (shooting / casting forward): [5] prepare: weight back, drawing / aiming [6] swing: body twisting forward, about to release [7] hit: full extension, the projectile leaving the hand / weapon [8] recover: returning toward the idle pose.
ROW 3 — skill and reaction: [9] skill start: gathering power, small glow around the hands [10] skill peak: square and round cakes giving buffs (small, inside the cell) [11] skill end: effect fading, body relaxing [12] hurt: flinching backward, eyes squeezed shut, one arm raised to guard (no blood).
ANIMATION RULES: same character identical in every cell, consistent size and outfit, feet on the same baseline, smooth motion between consecutive frames, clear gaps between cells. Small changes between neighbouring frames of the same row; nothing touches or crosses a cell border.
STYLE: cute stylized mobile-game character in the same art family as the other heroes: thick clean dark-brown outline #2A1608, flat cel shading (one shadow, one highlight), Dong Son bronze-drum motifs (zigzag bands, sun-star, Lac birds) on the clothes. Light file: about 20-30 flat colors, no gradients, no texture, no glow except the small effect asked.
DISTINCT SILHOUETTE (most important): the character must be recognizable from its black shadow alone, at 40 px: follow BODY for age, build and head-to-body ratio (do NOT give every hero the same 1/3 head and the same height), and make SIGNATURE SHAPE big and bold. Main color must clearly be the first COLORS entry.
FACE: do not reuse the generic chibi face (same round head, same big round eyes) — draw the unique features in FACE (eyebrows, beard, scars, wrinkles, age lines, eye shape).
BACKGROUND: perfectly flat pure magenta #FF00FF everywhere. No text, no numbers, no labels, no grid lines, no borders, no floor shadow, no watermark. Never use magenta on the subject. Keep at least 8% empty margin inside every cell; nothing crosses into another cell."
"ongdung","Ông Đùng","Tím","Thổ","hero12 (4x3, ô 192)","768x576","ongdung.png","python3 tools/cat-sheet.py ongdung.png ongdung hero12","Create ONE image: a 768x576 animation sprite sheet for a cute mobile tower-defense game based on Vietnamese folk legends, an invisible 4x3 grid of twelve equal 192x192 cells (4 columns, 3 rows, each ROW is one action read left to right). REDESIGN of the hero Ông Đùng so it is easy to tell apart from the other heroes.
BODY: giant folk man, very tall long torso, huge hands and feet, small head about 1/7 of the height.
SIGNATURE SHAPE: a long carrying pole across his shoulders with two BIG baskets of earth, wider than his body.
COLORS: main straw yellow #D8B35A, second dark tanned skin, accent green moss (element EARTH). epic hero: richer costume with a purple-silver trim and a small aura, but keep the silhouette above.
FACE: goofy friendly giant face, big nose, wide smile.
OUTFIT: straw loincloth, purple-silver trim. WEAPON / ITEM: carrying pole.
MUST NOT look like the generic ""man in a plain brown-yellow tunic standing straight holding a small object"" shared by other heroes — keep only what is listed here.
CELLS (facing RIGHT in 3/4 view; in every full-body cell the feet stand on the same invisible baseline near the bottom of the cell, same scale, the body fills about 85% of the cell height):
ROW 1 — idle loop: [1] pole balanced on the shoulders, walking happily [2] same pose, breathing in: chest and shoulders slightly up, weapon/hair/cloth slightly lifted [3] same pose, small settle: knees slightly bent, cloth swinging the other way [4] portrait: head and shoulders, big and centered, showing the unique face.
ROW 2 — melee attack: [5] prepare: weight back, weapon pulled back [6] swing: body twisting forward, weapon moving with ONE short pale motion swoosh [7] hit: full extension, weapon at the end of the swing [8] recover: returning toward the idle pose.
ROW 3 — skill and reaction: [9] skill start: gathering power, small glow around the hands [10] skill peak: thrown earth piling into a hill (small, inside the cell) [11] skill end: effect fading, body relaxing [12] hurt: flinching backward, eyes squeezed shut, one arm raised to guard (no blood).
ANIMATION RULES: same character identical in every cell, consistent size and outfit, feet on the same baseline, smooth motion between consecutive frames, clear gaps between cells. Small changes between neighbouring frames of the same row; nothing touches or crosses a cell border.
STYLE: cute stylized mobile-game character in the same art family as the other heroes: thick clean dark-brown outline #2A1608, flat cel shading (one shadow, one highlight), Dong Son bronze-drum motifs (zigzag bands, sun-star, Lac birds) on the clothes. Light file: about 20-30 flat colors, no gradients, no texture, no glow except the small effect asked.
DISTINCT SILHOUETTE (most important): the character must be recognizable from its black shadow alone, at 40 px: follow BODY for age, build and head-to-body ratio (do NOT give every hero the same 1/3 head and the same height), and make SIGNATURE SHAPE big and bold. Main color must clearly be the first COLORS entry.
FACE: do not reuse the generic chibi face (same round head, same big round eyes) — draw the unique features in FACE (eyebrows, beard, scars, wrinkles, age lines, eye shape).
BACKGROUND: perfectly flat pure magenta #FF00FF everywhere. No text, no numbers, no labels, no grid lines, no borders, no floor shadow, no watermark. Never use magenta on the subject. Keep at least 8% empty margin inside every cell; nothing crosses into another cell."
"thocong","Thổ Công","Tím","Thổ","hero12 (4x3, ô 192)","768x576","thocong.png","python3 tools/cat-sheet.py thocong.png thocong hero12","Create ONE image: a 768x576 animation sprite sheet for a cute mobile tower-defense game based on Vietnamese folk legends, an invisible 4x3 grid of twelve equal 192x192 cells (4 columns, 3 rows, each ROW is one action read left to right). REDESIGN of the hero Thổ Công so it is easy to tell apart from the other heroes.
BODY: very short round old man about 80, almost as wide as tall, round belly, head about 1/3 of the height.
SIGNATURE SHAPE: a white beard so long it reaches the belly and a calabash gourd hanging from a tall bamboo staff.
COLORS: main warm yellow-brown #B88A3E, second white beard, accent red sash (element EARTH). epic hero: richer costume with a purple-silver trim and a small aura, but keep the silhouette above.
FACE: long white beard, round laughing face, small round eyes.
OUTFIT: yellow-brown robe, soft round black cap (no wings), red sash, purple-silver trim. WEAPON / ITEM: bamboo staff with a gourd.
MUST NOT look like the generic ""old man with a white beard holding a staff"" shared by other heroes — keep only what is listed here.
CELLS (facing RIGHT in 3/4 view; in every full-body cell the feet (or floating base) stand on the same invisible baseline near the bottom of the cell, same scale, the body fills about 85% of the cell height):
ROW 1 — idle loop: [1] chuckling, holding the belly [2] same pose, breathing in: chest and shoulders slightly up, weapon/hair/cloth slightly lifted [3] same pose, small settle: knees slightly bent, cloth swinging the other way [4] portrait: head and shoulders, big and centered, showing the unique face.
ROW 2 — attack (shooting / casting forward): [5] prepare: weight back, drawing / aiming [6] swing: body twisting forward, about to release [7] hit: full extension, the projectile leaving the hand / weapon [8] recover: returning toward the idle pose.
ROW 3 — skill and reaction: [9] skill start: gathering power, small glow around the hands [10] skill peak: a protective earth light around the house (small, inside the cell) [11] skill end: effect fading, body relaxing [12] hurt: flinching backward, eyes squeezed shut, one arm raised to guard (no blood).
ANIMATION RULES: same character identical in every cell, consistent size and outfit, feet on the same baseline, smooth motion between consecutive frames, clear gaps between cells. Small changes between neighbouring frames of the same row; nothing touches or crosses a cell border.
STYLE: cute stylized mobile-game character in the same art family as the other heroes: thick clean dark-brown outline #2A1608, flat cel shading (one shadow, one highlight), Dong Son bronze-drum motifs (zigzag bands, sun-star, Lac birds) on the clothes. Light file: about 20-30 flat colors, no gradients, no texture, no glow except the small effect asked.
DISTINCT SILHOUETTE (most important): the character must be recognizable from its black shadow alone, at 40 px: follow BODY for age, build and head-to-body ratio (do NOT give every hero the same 1/3 head and the same height), and make SIGNATURE SHAPE big and bold. Main color must clearly be the first COLORS entry.
FACE: do not reuse the generic chibi face (same round head, same big round eyes) — draw the unique features in FACE (eyebrows, beard, scars, wrinkles, age lines, eye shape).
BACKGROUND: perfectly flat pure magenta #FF00FF everywhere. No text, no numbers, no labels, no grid lines, no borders, no floor shadow, no watermark. Never use magenta on the subject. Keep at least 8% empty margin inside every cell; nothing crosses into another cell."
"lachau","Lạc Hầu","Tím","Thổ","hero12 (4x3, ô 192)","768x576","lachau.png","python3 tools/cat-sheet.py lachau.png lachau hero12","Create ONE image: a 768x576 animation sprite sheet for a cute mobile tower-defense game based on Vietnamese folk legends, an invisible 4x3 grid of twelve equal 192x192 cells (4 columns, 3 rows, each ROW is one action read left to right). REDESIGN of the hero Lạc Hầu so it is easy to tell apart from the other heroes.
BODY: lean dignified advisor about 55, straight back, head about 1/5 of the height.
SIGNATURE SHAPE: a tall banner pole with a Lac-bird flag flying above him and a pointed hat.
COLORS: main mustard #BF9B30, second dark brown, accent red banner (element EARTH). epic hero: richer costume with a purple-silver trim and a small aura, but keep the silhouette above.
FACE: long thin goatee, wise sharp eyes, raised eyebrow.
OUTFIT: mustard robe with brown collar, purple-silver trim. WEAPON / ITEM: banner pole.
MUST NOT look like the generic ""man in a plain brown-yellow tunic standing straight holding a small object"" shared by other heroes — keep only what is listed here.
CELLS (facing RIGHT in 3/4 view; in every full-body cell the feet stand on the same invisible baseline near the bottom of the cell, same scale, the body fills about 85% of the cell height):
ROW 1 — idle loop: [1] banner planted, hand raised commanding [2] same pose, breathing in: chest and shoulders slightly up, weapon/hair/cloth slightly lifted [3] same pose, small settle: knees slightly bent, cloth swinging the other way [4] portrait: head and shoulders, big and centered, showing the unique face.
ROW 2 — melee attack: [5] prepare: weight back, weapon pulled back [6] swing: body twisting forward, weapon moving with ONE short pale motion swoosh [7] hit: full extension, weapon at the end of the swing [8] recover: returning toward the idle pose.
ROW 3 — skill and reaction: [9] skill start: gathering power, small glow around the hands [10] skill peak: a golden formation circle (small, inside the cell) [11] skill end: effect fading, body relaxing [12] hurt: flinching backward, eyes squeezed shut, one arm raised to guard (no blood).
ANIMATION RULES: same character identical in every cell, consistent size and outfit, feet on the same baseline, smooth motion between consecutive frames, clear gaps between cells. Small changes between neighbouring frames of the same row; nothing touches or crosses a cell border.
STYLE: cute stylized mobile-game character in the same art family as the other heroes: thick clean dark-brown outline #2A1608, flat cel shading (one shadow, one highlight), Dong Son bronze-drum motifs (zigzag bands, sun-star, Lac birds) on the clothes. Light file: about 20-30 flat colors, no gradients, no texture, no glow except the small effect asked.
DISTINCT SILHOUETTE (most important): the character must be recognizable from its black shadow alone, at 40 px: follow BODY for age, build and head-to-body ratio (do NOT give every hero the same 1/3 head and the same height), and make SIGNATURE SHAPE big and bold. Main color must clearly be the first COLORS entry.
FACE: do not reuse the generic chibi face (same round head, same big round eyes) — draw the unique features in FACE (eyebrows, beard, scars, wrinkles, age lines, eye shape).
BACKGROUND: perfectly flat pure magenta #FF00FF everywhere. No text, no numbers, no labels, no grid lines, no borders, no floor shadow, no watermark. Never use magenta on the subject. Keep at least 8% empty margin inside every cell; nothing crosses into another cell."
"truongchi","Trương Chi","Tím","Thủy","hero12 (4x3, ô 192)","768x576","truongchi.png","python3 tools/cat-sheet.py truongchi.png truongchi hero12","Create ONE image: a 768x576 animation sprite sheet for a cute mobile tower-defense game based on Vietnamese folk legends, an invisible 4x3 grid of twelve equal 192x192 cells (4 columns, 3 rows, each ROW is one action read left to right). REDESIGN of the hero Trương Chi so it is easy to tell apart from the other heroes.
BODY: thin young man about 22, slightly slouched, head about 1/4 of the height.
SIGNATURE SHAPE: standing inside a small curved sampan boat (crescent shape under his feet) playing a long bamboo flute.
COLORS: main dusk purple-blue #5B5F9E, second dark indigo, accent silver moon (element WATER). epic hero: richer costume with a purple-silver trim and a small aura, but keep the silhouette above.
FACE: homely face: crooked nose, slightly buck teeth, eyes closed peacefully while playing.
OUTFIT: simple patched indigo shirt, conical hat hanging on his BACK (not on the head), purple-silver trim. WEAPON / ITEM: long bamboo flute.
MUST NOT look like the generic ""villager in a conical hat and brown clothes"" shared by other heroes — keep only what is listed here.
CELLS (facing RIGHT in 3/4 view; in every full-body cell the feet stand on the same invisible baseline near the bottom of the cell, same scale, the body fills about 85% of the cell height):
ROW 1 — idle loop: [1] eyes closed playing the flute, swaying [2] same pose, breathing in: chest and shoulders slightly up, weapon/hair/cloth slightly lifted [3] same pose, small settle: knees slightly bent, cloth swinging the other way [4] portrait: head and shoulders, big and centered, showing the unique face.
ROW 2 — attack (shooting / casting forward): [5] prepare: weight back, drawing / aiming [6] swing: body twisting forward, about to release [7] hit: full extension, the projectile leaving the hand / weapon [8] recover: returning toward the idle pose.
ROW 3 — skill and reaction: [9] skill start: gathering power, small glow around the hands [10] skill peak: silver music notes and moon ripples (small, inside the cell) [11] skill end: effect fading, body relaxing [12] hurt: flinching backward, eyes squeezed shut, one arm raised to guard (no blood).
ANIMATION RULES: same character identical in every cell, consistent size and outfit, feet on the same baseline, smooth motion between consecutive frames, clear gaps between cells. Small changes between neighbouring frames of the same row; nothing touches or crosses a cell border.
STYLE: cute stylized mobile-game character in the same art family as the other heroes: thick clean dark-brown outline #2A1608, flat cel shading (one shadow, one highlight), Dong Son bronze-drum motifs (zigzag bands, sun-star, Lac birds) on the clothes. Light file: about 20-30 flat colors, no gradients, no texture, no glow except the small effect asked.
DISTINCT SILHOUETTE (most important): the character must be recognizable from its black shadow alone, at 40 px: follow BODY for age, build and head-to-body ratio (do NOT give every hero the same 1/3 head and the same height), and make SIGNATURE SHAPE big and bold. Main color must clearly be the first COLORS entry.
FACE: do not reuse the generic chibi face (same round head, same big round eyes) — draw the unique features in FACE (eyebrows, beard, scars, wrinkles, age lines, eye shape).
BACKGROUND: perfectly flat pure magenta #FF00FF everywhere. No text, no numbers, no labels, no grid lines, no borders, no floor shadow, no watermark. Never use magenta on the subject. Keep at least 8% empty margin inside every cell; nothing crosses into another cell."
"cdt","Chử Đồng Tử","Tím","Thủy","hero12 (4x3, ô 192)","768x576","cdt.png","python3 tools/cat-sheet.py cdt.png cdt hero12","Create ONE image: a 768x576 animation sprite sheet for a cute mobile tower-defense game based on Vietnamese folk legends, an invisible 4x3 grid of twelve equal 192x192 cells (4 columns, 3 rows, each ROW is one action read left to right). REDESIGN of the hero Chử Đồng Tử so it is easy to tell apart from the other heroes.
BODY: very skinny poor young man about 20, ribs showing, long thin legs, head about 1/4 of the height.
SIGNATURE SHAPE: only a loincloth, holding a glowing magic conical hat up in one hand like a shield and a tall sacred staff in the other.
COLORS: main sand beige #E6D3A3, second sacred teal glow #4FC1C6, accent gold (element WATER). epic hero: richer costume with a purple-silver trim and a small aura, but keep the silhouette above.
FACE: humble shy smile, messy hair, thin face, big honest eyes.
OUTFIT: plain loincloth, a sacred teal sash, purple-silver trim. WEAPON / ITEM: sacred staff and glowing hat.
MUST NOT look like the generic ""villager in a conical hat and brown clothes"" shared by other heroes — keep only what is listed here.
CELLS (facing RIGHT in 3/4 view; in every full-body cell the feet stand on the same invisible baseline near the bottom of the cell, same scale, the body fills about 85% of the cell height):
ROW 1 — idle loop: [1] raising the glowing hat, shy but brave [2] same pose, breathing in: chest and shoulders slightly up, weapon/hair/cloth slightly lifted [3] same pose, small settle: knees slightly bent, cloth swinging the other way [4] portrait: head and shoulders, big and centered, showing the unique face.
ROW 2 — attack (shooting / casting forward): [5] prepare: weight back, drawing / aiming [6] swing: body twisting forward, about to release [7] hit: full extension, the projectile leaving the hand / weapon [8] recover: returning toward the idle pose.
ROW 3 — skill and reaction: [9] skill start: gathering power, small glow around the hands [10] skill peak: teal reviving light under the hat (small, inside the cell) [11] skill end: effect fading, body relaxing [12] hurt: flinching backward, eyes squeezed shut, one arm raised to guard (no blood).
ANIMATION RULES: same character identical in every cell, consistent size and outfit, feet on the same baseline, smooth motion between consecutive frames, clear gaps between cells. Small changes between neighbouring frames of the same row; nothing touches or crosses a cell border.
STYLE: cute stylized mobile-game character in the same art family as the other heroes: thick clean dark-brown outline #2A1608, flat cel shading (one shadow, one highlight), Dong Son bronze-drum motifs (zigzag bands, sun-star, Lac birds) on the clothes. Light file: about 20-30 flat colors, no gradients, no texture, no glow except the small effect asked.
DISTINCT SILHOUETTE (most important): the character must be recognizable from its black shadow alone, at 40 px: follow BODY for age, build and head-to-body ratio (do NOT give every hero the same 1/3 head and the same height), and make SIGNATURE SHAPE big and bold. Main color must clearly be the first COLORS entry.
FACE: do not reuse the generic chibi face (same round head, same big round eyes) — draw the unique features in FACE (eyebrows, beard, scars, wrinkles, age lines, eye shape).
BACKGROUND: perfectly flat pure magenta #FF00FF everywhere. No text, no numbers, no labels, no grid lines, no borders, no floor shadow, no watermark. Never use magenta on the subject. Keep at least 8% empty margin inside every cell; nothing crosses into another cell."
"lyngu","Lý Ngư Tướng Quân","Tím","Thủy","hero12 (4x3, ô 192)","768x576","lyngu.png","python3 tools/cat-sheet.py lyngu.png lyngu hero12","Create ONE image: a 768x576 animation sprite sheet for a cute mobile tower-defense game based on Vietnamese folk legends, an invisible 4x3 grid of twelve equal 192x192 cells (4 columns, 3 rows, each ROW is one action read left to right). REDESIGN of the hero Lý Ngư Tướng Quân so it is easy to tell apart from the other heroes.
BODY: athletic young general about 25, springy legs, head about 1/4 of the height.
SIGNATURE SHAPE: a tall helmet crest shaped like a big curved CARP TAIL and a fin-shaped glaive.
COLORS: main koi orange #F2862E, second white #FFFFFF, accent red-gold scale trim (element WATER). epic hero: richer costume with a purple-silver trim and a small aura, but keep the silhouette above.
FACE: eager bright eyes, two long thin carp whiskers growing on the upper lip, confident grin.
OUTFIT: orange-white carp-scale armor, fin-shaped shoulder guards, purple-silver trim. WEAPON / ITEM: fin-shaped glaive.
MUST NOT look like the generic ""armored king or general with a gold crown or helmet"" shared by other heroes — keep only what is listed here.
CELLS (facing RIGHT in 3/4 view; in every full-body cell the feet stand on the same invisible baseline near the bottom of the cell, same scale, the body fills about 85% of the cell height):
ROW 1 — idle loop: [1] mid-leap stance with one knee raised, glaive behind [2] same pose, breathing in: chest and shoulders slightly up, weapon/hair/cloth slightly lifted [3] same pose, small settle: knees slightly bent, cloth swinging the other way [4] portrait: head and shoulders, big and centered, showing the unique face.
ROW 2 — melee attack: [5] prepare: weight back, weapon pulled back [6] swing: body twisting forward, weapon moving with ONE short pale motion swoosh [7] hit: full extension, weapon at the end of the swing [8] recover: returning toward the idle pose.
ROW 3 — skill and reaction: [9] skill start: gathering power, small glow around the hands [10] skill peak: carp leaping through a waterfall arc (small, inside the cell) [11] skill end: effect fading, body relaxing [12] hurt: flinching backward, eyes squeezed shut, one arm raised to guard (no blood).
ANIMATION RULES: same character identical in every cell, consistent size and outfit, feet on the same baseline, smooth motion between consecutive frames, clear gaps between cells. Small changes between neighbouring frames of the same row; nothing touches or crosses a cell border.
STYLE: cute stylized mobile-game character in the same art family as the other heroes: thick clean dark-brown outline #2A1608, flat cel shading (one shadow, one highlight), Dong Son bronze-drum motifs (zigzag bands, sun-star, Lac birds) on the clothes. Light file: about 20-30 flat colors, no gradients, no texture, no glow except the small effect asked.
DISTINCT SILHOUETTE (most important): the character must be recognizable from its black shadow alone, at 40 px: follow BODY for age, build and head-to-body ratio (do NOT give every hero the same 1/3 head and the same height), and make SIGNATURE SHAPE big and bold. Main color must clearly be the first COLORS entry.
FACE: do not reuse the generic chibi face (same round head, same big round eyes) — draw the unique features in FACE (eyebrows, beard, scars, wrinkles, age lines, eye shape).
BACKGROUND: perfectly flat pure magenta #FF00FF everywhere. No text, no numbers, no labels, no grid lines, no borders, no floor shadow, no watermark. Never use magenta on the subject. Keep at least 8% empty margin inside every cell; nothing crosses into another cell."
"caong","Thần Cá Ông","Tím","Thủy","hero12 (4x3, ô 192)","768x576","caong.png","python3 tools/cat-sheet.py caong.png caong hero12","Create ONE image: a 768x576 animation sprite sheet for a cute mobile tower-defense game based on Vietnamese folk legends, an invisible 4x3 grid of twelve equal 192x192 cells (4 columns, 3 rows, each ROW is one action read left to right). REDESIGN of the hero Thần Cá Ông so it is easy to tell apart from the other heroes.
BODY: big round whale god, the body is a huge rounded whale shape TWICE as wide as tall, tiny fin arms, very short legs.
SIGNATURE SHAPE: a round whale silhouette with a big tail fin curling up behind and a small water spout on top of the head.
COLORS: main slate blue #3D5A80, second cream white belly, accent barnacle gold (element WATER). epic hero: richer costume with a purple-silver trim and a small aura, but keep the silhouette above.
FACE: kind old whale face with a beard of white barnacles, small gentle eyes.
OUTFIT: gold barnacle ornaments, purple-silver trim. WEAPON / ITEM: none, body slam.
CELLS (facing RIGHT in 3/4 view; in every full-body cell the feet stand on the same invisible baseline near the bottom of the cell, same scale, the body fills about 85% of the cell height):
ROW 1 — idle loop: [1] floating upright, fin arms open protectively [2] same pose, breathing in: chest and shoulders slightly up, weapon/hair/cloth slightly lifted [3] same pose, small settle: knees slightly bent, cloth swinging the other way [4] portrait: head and shoulders, big and centered, showing the unique face.
ROW 2 — melee attack: [5] prepare: weight back, weapon pulled back [6] swing: body twisting forward, weapon moving with ONE short pale motion swoosh [7] hit: full extension, weapon at the end of the swing [8] recover: returning toward the idle pose.
ROW 3 — skill and reaction: [9] skill start: gathering power, small glow around the hands [10] skill peak: a water bubble shield (small, inside the cell) [11] skill end: effect fading, body relaxing [12] hurt: flinching backward, eyes squeezed shut, one arm raised to guard (no blood).
ANIMATION RULES: same character identical in every cell, consistent size and outfit, feet on the same baseline, smooth motion between consecutive frames, clear gaps between cells. Small changes between neighbouring frames of the same row; nothing touches or crosses a cell border.
STYLE: cute stylized mobile-game character in the same art family as the other heroes: thick clean dark-brown outline #2A1608, flat cel shading (one shadow, one highlight), Dong Son bronze-drum motifs (zigzag bands, sun-star, Lac birds) on the clothes. Light file: about 20-30 flat colors, no gradients, no texture, no glow except the small effect asked.
DISTINCT SILHOUETTE (most important): the character must be recognizable from its black shadow alone, at 40 px: follow BODY for age, build and head-to-body ratio (do NOT give every hero the same 1/3 head and the same height), and make SIGNATURE SHAPE big and bold. Main color must clearly be the first COLORS entry.
FACE: do not reuse the generic chibi face (same round head, same big round eyes) — draw the unique features in FACE (eyebrows, beard, scars, wrinkles, age lines, eye shape).
BACKGROUND: perfectly flat pure magenta #FF00FF everywhere. No text, no numbers, no labels, no grid lines, no borders, no floor shadow, no watermark. Never use magenta on the subject. Keep at least 8% empty margin inside every cell; nothing crosses into another cell."
"giong","Thánh Gióng","Vàng","Hỏa","hero12 (4x3, ô 192)","768x576","giong.png","python3 tools/cat-sheet.py giong.png giong hero12","Create ONE image: a 768x576 animation sprite sheet for a cute mobile tower-defense game based on Vietnamese folk legends, an invisible 4x3 grid of twelve equal 192x192 cells (4 columns, 3 rows, each ROW is one action read left to right). REDESIGN of the hero Thánh Gióng so it is easy to tell apart from the other heroes.
BODY: a young giant boy riding a big iron horse (mounted silhouette, horse and rider together).
SIGNATURE SHAPE: a black iron horse with a BURNING fire mane and the boy swinging an uprooted bamboo with roots.
COLORS: main iron black #2B2B2B, second rust red #B23A1E, accent flame orange (element FIRE). legendary hero: most ornate, gold trim, small crown or halo, but keep the silhouette above.
FACE: chubby child face with a determined frown, short spiky hair.
OUTFIT: rust-red tunic, iron armor plates, iron helmet, gold trim, small halo. WEAPON / ITEM: burning uprooted bamboo.
CELLS (facing RIGHT in 3/4 view; in every full-body cell the feet stand on the same invisible baseline near the bottom of the cell, same scale, the body fills about 85% of the cell height):
ROW 1 — idle loop: [1] horse rearing slightly, boy holding the bamboo high [2] same pose, breathing in: chest and shoulders slightly up, weapon/hair/cloth slightly lifted [3] same pose, small settle: knees slightly bent, cloth swinging the other way [4] portrait: head and shoulders, big and centered, showing the unique face.
ROW 2 — melee attack: [5] prepare: weight back, weapon pulled back [6] swing: body twisting forward, weapon moving with ONE short pale motion swoosh [7] hit: full extension, weapon at the end of the swing [8] recover: returning toward the idle pose.
ROW 3 — skill and reaction: [9] skill start: gathering power, small glow around the hands [10] skill peak: burning bamboo sweep with fire (small, inside the cell) [11] skill end: effect fading, body relaxing [12] hurt: flinching backward, eyes squeezed shut, one arm raised to guard (no blood).
ANIMATION RULES: same character identical in every cell, consistent size and outfit, feet on the same baseline, smooth motion between consecutive frames, clear gaps between cells. Small changes between neighbouring frames of the same row; nothing touches or crosses a cell border.
STYLE: cute stylized mobile-game character in the same art family as the other heroes: thick clean dark-brown outline #2A1608, flat cel shading (one shadow, one highlight), Dong Son bronze-drum motifs (zigzag bands, sun-star, Lac birds) on the clothes. Light file: about 20-30 flat colors, no gradients, no texture, no glow except the small effect asked.
DISTINCT SILHOUETTE (most important): the character must be recognizable from its black shadow alone, at 40 px: follow BODY for age, build and head-to-body ratio (do NOT give every hero the same 1/3 head and the same height), and make SIGNATURE SHAPE big and bold. Main color must clearly be the first COLORS entry.
FACE: do not reuse the generic chibi face (same round head, same big round eyes) — draw the unique features in FACE (eyebrows, beard, scars, wrinkles, age lines, eye shape).
BACKGROUND: perfectly flat pure magenta #FF00FF everywhere. No text, no numbers, no labels, no grid lines, no borders, no floor shadow, no watermark. Never use magenta on the subject. Keep at least 8% empty margin inside every cell; nothing crosses into another cell."
"kinhduong","Kinh Dương Vương","Vàng","Hỏa","hero12 (4x3, ô 192)","768x576","kinhduong.png","python3 tools/cat-sheet.py kinhduong.png kinhduong hero12","Create ONE image: a 768x576 animation sprite sheet for a cute mobile tower-defense game based on Vietnamese folk legends, an invisible 4x3 grid of twelve equal 192x192 cells (4 columns, 3 rows, each ROW is one action read left to right). REDESIGN of the hero Kinh Dương Vương so it is easy to tell apart from the other heroes.
BODY: heavy barrel-chested king about 50, wide body, thick legs, head about 1/5 of the height.
SIGNATURE SHAPE: a ROUND sun-star crown with pointed rays and a huge broad bronze sword; full curly beard.
COLORS: main scarlet #D8352A, second gold #E8B23A, accent black (element FIRE). legendary hero: most ornate, gold trim, small crown or halo, but keep the silhouette above.
FACE: full curly red-brown beard, bushy brows, laughing loud mouth.
OUTFIT: scarlet and gold royal armor, red cape, gold trim, small halo. WEAPON / ITEM: broad bronze sword.
MUST NOT look like the generic ""armored king or general with a gold crown or helmet"" shared by other heroes — keep only what is listed here.
CELLS (facing RIGHT in 3/4 view; in every full-body cell the feet stand on the same invisible baseline near the bottom of the cell, same scale, the body fills about 85% of the cell height):
ROW 1 — idle loop: [1] both hands on the sword pommel, belly out, laughing [2] same pose, breathing in: chest and shoulders slightly up, weapon/hair/cloth slightly lifted [3] same pose, small settle: knees slightly bent, cloth swinging the other way [4] portrait: head and shoulders, big and centered, showing the unique face.
ROW 2 — melee attack: [5] prepare: weight back, weapon pulled back [6] swing: body twisting forward, weapon moving with ONE short pale motion swoosh [7] hit: full extension, weapon at the end of the swing [8] recover: returning toward the idle pose.
ROW 3 — skill and reaction: [9] skill start: gathering power, small glow around the hands [10] skill peak: a red sun shockwave (small, inside the cell) [11] skill end: effect fading, body relaxing [12] hurt: flinching backward, eyes squeezed shut, one arm raised to guard (no blood).
ANIMATION RULES: same character identical in every cell, consistent size and outfit, feet on the same baseline, smooth motion between consecutive frames, clear gaps between cells. Small changes between neighbouring frames of the same row; nothing touches or crosses a cell border.
STYLE: cute stylized mobile-game character in the same art family as the other heroes: thick clean dark-brown outline #2A1608, flat cel shading (one shadow, one highlight), Dong Son bronze-drum motifs (zigzag bands, sun-star, Lac birds) on the clothes. Light file: about 20-30 flat colors, no gradients, no texture, no glow except the small effect asked.
DISTINCT SILHOUETTE (most important): the character must be recognizable from its black shadow alone, at 40 px: follow BODY for age, build and head-to-body ratio (do NOT give every hero the same 1/3 head and the same height), and make SIGNATURE SHAPE big and bold. Main color must clearly be the first COLORS entry.
FACE: do not reuse the generic chibi face (same round head, same big round eyes) — draw the unique features in FACE (eyebrows, beard, scars, wrinkles, age lines, eye shape).
BACKGROUND: perfectly flat pure magenta #FF00FF everywhere. No text, no numbers, no labels, no grid lines, no borders, no floor shadow, no watermark. Never use magenta on the subject. Keep at least 8% empty margin inside every cell; nothing crosses into another cell."
"viemde","Viêm Đế Thần Nông","Vàng","Hỏa","hero12 (4x3, ô 192)","768x576","viemde.png","python3 tools/cat-sheet.py viemde.png viemde hero12","Create ONE image: a 768x576 animation sprite sheet for a cute mobile tower-defense game based on Vietnamese folk legends, an invisible 4x3 grid of twelve equal 192x192 cells (4 columns, 3 rows, each ROW is one action read left to right). REDESIGN of the hero Viêm Đế Thần Nông so it is easy to tell apart from the other heroes.
BODY: short stocky old god about 80, slightly hunched, head about 1/4 of the height.
SIGNATURE SHAPE: two small OX HORNS on the forehead, a leaf-and-straw cape and a long white beard.
COLORS: main burnt orange #D9622B, second leaf green, accent sun gold (element FIRE). legendary hero: most ornate, gold trim, small crown or halo, but keep the silhouette above.
FACE: long white beard, kind wrinkled eyes, chewing an herb leaf.
OUTFIT: burnt orange robe under a leaf-and-straw cape, gold trim, sun halo. WEAPON / ITEM: farming hoe whose blade burns with fire.
MUST NOT look like the generic ""old man with a white beard holding a staff"" shared by other heroes — keep only what is listed here.
CELLS (facing RIGHT in 3/4 view; in every full-body cell the feet (or floating base) stand on the same invisible baseline near the bottom of the cell, same scale, the body fills about 85% of the cell height):
ROW 1 — idle loop: [1] leaning on the hoe, smiling, inspecting a grain stalk [2] same pose, breathing in: chest and shoulders slightly up, weapon/hair/cloth slightly lifted [3] same pose, small settle: knees slightly bent, cloth swinging the other way [4] portrait: head and shoulders, big and centered, showing the unique face.
ROW 2 — attack (shooting / casting forward): [5] prepare: weight back, drawing / aiming [6] swing: body twisting forward, about to release [7] hit: full extension, the projectile leaving the hand / weapon [8] recover: returning toward the idle pose.
ROW 3 — skill and reaction: [9] skill start: gathering power, small glow around the hands [10] skill peak: warm fire that ripens rice (small, inside the cell) [11] skill end: effect fading, body relaxing [12] hurt: flinching backward, eyes squeezed shut, one arm raised to guard (no blood).
ANIMATION RULES: same character identical in every cell, consistent size and outfit, feet on the same baseline, smooth motion between consecutive frames, clear gaps between cells. Small changes between neighbouring frames of the same row; nothing touches or crosses a cell border.
STYLE: cute stylized mobile-game character in the same art family as the other heroes: thick clean dark-brown outline #2A1608, flat cel shading (one shadow, one highlight), Dong Son bronze-drum motifs (zigzag bands, sun-star, Lac birds) on the clothes. Light file: about 20-30 flat colors, no gradients, no texture, no glow except the small effect asked.
DISTINCT SILHOUETTE (most important): the character must be recognizable from its black shadow alone, at 40 px: follow BODY for age, build and head-to-body ratio (do NOT give every hero the same 1/3 head and the same height), and make SIGNATURE SHAPE big and bold. Main color must clearly be the first COLORS entry.
FACE: do not reuse the generic chibi face (same round head, same big round eyes) — draw the unique features in FACE (eyebrows, beard, scars, wrinkles, age lines, eye shape).
BACKGROUND: perfectly flat pure magenta #FF00FF everywhere. No text, no numbers, no labels, no grid lines, no borders, no floor shadow, no watermark. Never use magenta on the subject. Keep at least 8% empty margin inside every cell; nothing crosses into another cell."
"matroi","Nữ Thần Mặt Trời","Vàng","Hỏa","hero12 (4x3, ô 192)","768x576","matroi.png","python3 tools/cat-sheet.py matroi.png matroi hero12","Create ONE image: a 768x576 animation sprite sheet for a cute mobile tower-defense game based on Vietnamese folk legends, an invisible 4x3 grid of twelve equal 192x192 cells (4 columns, 3 rows, each ROW is one action read left to right). REDESIGN of the hero Nữ Thần Mặt Trời so it is easy to tell apart from the other heroes.
BODY: tall radiant goddess about 25, slender, head about 1/6 of the height.
SIGNATURE SHAPE: a HUGE sun disk with 12 pointed rays behind her, bigger than her body.
COLORS: main sun yellow-orange #FFB12E, second white, accent red (element FIRE). legendary hero: most ornate, gold trim, small crown or halo, but keep the silhouette above.
FACE: golden eyes, bright confident smile.
OUTFIT: golden-orange robe with flame hem, gold crown, gold trim. WEAPON / ITEM: sun scepter.
MUST NOT look like the generic ""slender lady in a long robe with a staff and halo"" shared by other heroes — keep only what is listed here.
CELLS (facing RIGHT in 3/4 view; in every full-body cell the feet (or floating base) stand on the same invisible baseline near the bottom of the cell, same scale, the body fills about 85% of the cell height):
ROW 1 — idle loop: [1] both arms raised to the sky [2] same pose, breathing in: chest and shoulders slightly up, weapon/hair/cloth slightly lifted [3] same pose, small settle: knees slightly bent, cloth swinging the other way [4] portrait: head and shoulders, big and centered, showing the unique face.
ROW 2 — attack (shooting / casting forward): [5] prepare: weight back, drawing / aiming [6] swing: body twisting forward, about to release [7] hit: full extension, the projectile leaving the hand / weapon [8] recover: returning toward the idle pose.
ROW 3 — skill and reaction: [9] skill start: gathering power, small glow around the hands [10] skill peak: burning sunbeams (small, inside the cell) [11] skill end: effect fading, body relaxing [12] hurt: flinching backward, eyes squeezed shut, one arm raised to guard (no blood).
ANIMATION RULES: same character identical in every cell, consistent size and outfit, feet on the same baseline, smooth motion between consecutive frames, clear gaps between cells. Small changes between neighbouring frames of the same row; nothing touches or crosses a cell border.
STYLE: cute stylized mobile-game character in the same art family as the other heroes: thick clean dark-brown outline #2A1608, flat cel shading (one shadow, one highlight), Dong Son bronze-drum motifs (zigzag bands, sun-star, Lac birds) on the clothes. Light file: about 20-30 flat colors, no gradients, no texture, no glow except the small effect asked.
DISTINCT SILHOUETTE (most important): the character must be recognizable from its black shadow alone, at 40 px: follow BODY for age, build and head-to-body ratio (do NOT give every hero the same 1/3 head and the same height), and make SIGNATURE SHAPE big and bold. Main color must clearly be the first COLORS entry.
FACE: do not reuse the generic chibi face (same round head, same big round eyes) — draw the unique features in FACE (eyebrows, beard, scars, wrinkles, age lines, eye shape).
BACKGROUND: perfectly flat pure magenta #FF00FF everywhere. No text, no numbers, no labels, no grid lines, no borders, no floor shadow, no watermark. Never use magenta on the subject. Keep at least 8% empty margin inside every cell; nothing crosses into another cell."
"kylan","Kỳ Lân Vàng","Vàng","Kim","hero12 (4x3, ô 192)","768x576","kylan.png","python3 tools/cat-sheet.py kylan.png kylan hero12","Create ONE image: a 768x576 animation sprite sheet for a cute mobile tower-defense game based on Vietnamese folk legends, an invisible 4x3 grid of twelve equal 192x192 cells (4 columns, 3 rows, each ROW is one action read left to right). REDESIGN of the hero Kỳ Lân Vàng so it is easy to tell apart from the other heroes.
BODY: qilin on FOUR long slender deer-like legs, tall horse-like body, long neck.
SIGNATURE SHAPE: a single long golden horn and golden flame-shaped tufts on all four legs, flowing white mane.
COLORS: main shining gold #E8B84A, second ivory white #FFF4DC, accent jade green cloud curls (element METAL). legendary hero: most ornate, gold trim, small crown or halo, but keep the silhouette above.
FACE: noble dragon-like face with long whiskers, gentle wise eyes.
OUTFIT: gold scales on the back, ivory belly, cloud patterns on the legs, gold trim and a small halo of light behind the horn. WEAPON / ITEM: horn and hooves.
MUST NOT look like the generic ""silver-armored beast standing upright or a hero with a tiger"" shared by other heroes — keep only what is listed here.
CELLS (facing RIGHT in 3/4 view; in every full-body cell the feet stand on the same invisible baseline near the bottom of the cell, same scale, the body fills about 85% of the cell height):
ROW 1 — idle loop: [1] prancing, one front hoof raised, head held high [2] same pose, breathing in: chest and shoulders slightly up, weapon/hair/cloth slightly lifted [3] same pose, small settle: knees slightly bent, cloth swinging the other way [4] portrait: head and shoulders, big and centered, showing the unique face.
ROW 2 — melee attack: [5] prepare: weight back, weapon pulled back [6] swing: body twisting forward, weapon moving with ONE short pale motion swoosh [7] hit: full extension, weapon at the end of the swing [8] recover: returning toward the idle pose.
ROW 3 — skill and reaction: [9] skill start: gathering power, small glow around the hands [10] skill peak: golden auspicious clouds and gold fire (small, inside the cell) [11] skill end: effect fading, body relaxing [12] hurt: flinching backward, eyes squeezed shut, one arm raised to guard (no blood).
ANIMATION RULES: same character identical in every cell, consistent size and outfit, feet on the same baseline, smooth motion between consecutive frames, clear gaps between cells. Small changes between neighbouring frames of the same row; nothing touches or crosses a cell border.
STYLE: cute stylized mobile-game character in the same art family as the other heroes: thick clean dark-brown outline #2A1608, flat cel shading (one shadow, one highlight), Dong Son bronze-drum motifs (zigzag bands, sun-star, Lac birds) on the clothes. Light file: about 20-30 flat colors, no gradients, no texture, no glow except the small effect asked.
DISTINCT SILHOUETTE (most important): the character must be recognizable from its black shadow alone, at 40 px: follow BODY for age, build and head-to-body ratio (do NOT give every hero the same 1/3 head and the same height), and make SIGNATURE SHAPE big and bold. Main color must clearly be the first COLORS entry.
FACE: do not reuse the generic chibi face (same round head, same big round eyes) — draw the unique features in FACE (eyebrows, beard, scars, wrinkles, age lines, eye shape).
BACKGROUND: perfectly flat pure magenta #FF00FF everywhere. No text, no numbers, no labels, no grid lines, no borders, no floor shadow, no watermark. Never use magenta on the subject. Keep at least 8% empty margin inside every cell; nothing crosses into another cell."
"thienloi","Thiên Lôi","Vàng","Kim","hero12 (4x3, ô 192)","768x576","thienloi.png","python3 tools/cat-sheet.py thienloi.png thienloi hero12","Create ONE image: a 768x576 animation sprite sheet for a cute mobile tower-defense game based on Vietnamese folk legends, an invisible 4x3 grid of twelve equal 192x192 cells (4 columns, 3 rows, each ROW is one action read left to right). REDESIGN of the hero Thiên Lôi so it is easy to tell apart from the other heroes.
BODY: huge burly thunder god, very wide shoulders twice his head width, thick arms, small head about 1/6 of the height.
SIGNATURE SHAPE: wild spiky white hair standing straight up like lightning plus a pair of small feathered wings on the back and a giant stone axe.
COLORS: main storm indigo #4A5578, second steel silver #C8D0DA, accent electric yellow #FFE14A (element METAL). legendary hero: most ornate, gold trim, small crown or halo, but keep the silhouette above.
FACE: thick angry eyebrows, square jaw, gritted teeth in a fierce grin, yellow glowing eyes.
OUTFIT: indigo armor with yellow lightning zigzags, silver bracers, gold trim, small crackling halo. WEAPON / ITEM: giant stone thunder axe on a short staff.
MUST NOT look like the generic ""armored king or general with a gold crown or helmet"" shared by other heroes — keep only what is listed here.
CELLS (facing RIGHT in 3/4 view; in every full-body cell the feet (or floating base) stand on the same invisible baseline near the bottom of the cell, same scale, the body fills about 85% of the cell height):
ROW 1 — idle loop: [1] axe raised overhead with both hands, legs wide, storming [2] same pose, breathing in: chest and shoulders slightly up, weapon/hair/cloth slightly lifted [3] same pose, small settle: knees slightly bent, cloth swinging the other way [4] portrait: head and shoulders, big and centered, showing the unique face.
ROW 2 — attack (shooting / casting forward): [5] prepare: weight back, drawing / aiming [6] swing: body twisting forward, about to release [7] hit: full extension, the projectile leaving the hand / weapon [8] recover: returning toward the idle pose.
ROW 3 — skill and reaction: [9] skill start: gathering power, small glow around the hands [10] skill peak: blue-yellow lightning bolts (small, inside the cell) [11] skill end: effect fading, body relaxing [12] hurt: flinching backward, eyes squeezed shut, one arm raised to guard (no blood).
ANIMATION RULES: same character identical in every cell, consistent size and outfit, feet on the same baseline, smooth motion between consecutive frames, clear gaps between cells. Small changes between neighbouring frames of the same row; nothing touches or crosses a cell border.
STYLE: cute stylized mobile-game character in the same art family as the other heroes: thick clean dark-brown outline #2A1608, flat cel shading (one shadow, one highlight), Dong Son bronze-drum motifs (zigzag bands, sun-star, Lac birds) on the clothes. Light file: about 20-30 flat colors, no gradients, no texture, no glow except the small effect asked.
DISTINCT SILHOUETTE (most important): the character must be recognizable from its black shadow alone, at 40 px: follow BODY for age, build and head-to-body ratio (do NOT give every hero the same 1/3 head and the same height), and make SIGNATURE SHAPE big and bold. Main color must clearly be the first COLORS entry.
FACE: do not reuse the generic chibi face (same round head, same big round eyes) — draw the unique features in FACE (eyebrows, beard, scars, wrinkles, age lines, eye shape).
BACKGROUND: perfectly flat pure magenta #FF00FF everywhere. No text, no numbers, no labels, no grid lines, no borders, no floor shadow, no watermark. Never use magenta on the subject. Keep at least 8% empty margin inside every cell; nothing crosses into another cell."
"kimquy","Thần Kim Quy","Vàng","Kim","hero12 (4x3, ô 192)","768x576","kimquy.png","python3 tools/cat-sheet.py kimquy.png kimquy hero12","Create ONE image: a 768x576 animation sprite sheet for a cute mobile tower-defense game based on Vietnamese folk legends, an invisible 4x3 grid of twelve equal 192x192 cells (4 columns, 3 rows, each ROW is one action read left to right). REDESIGN of the hero Thần Kim Quy so it is easy to tell apart from the other heroes.
BODY: giant golden turtle standing upright on short hind legs, very wide round body, no neck, short and squat.
SIGNATURE SHAPE: a huge domed golden shell with hexagon plates covering the whole back, wider than tall.
COLORS: main turtle gold #E3B23C, second jade green skin #5E9E7E, accent glowing red-gold claw (element METAL). legendary hero: most ornate, gold trim, small crown or halo, but keep the silhouette above.
FACE: old wise turtle face, long white eyebrows and a small white beard tuft, calm half-closed eyes.
OUTFIT: gold trim on the shell rim, small crown on the head, soft golden halo. WEAPON / ITEM: one glowing golden claw raised.
MUST NOT look like the generic ""old man with a white beard holding a staff"" shared by other heroes — keep only what is listed here.
CELLS (facing RIGHT in 3/4 view; in every full-body cell the feet stand on the same invisible baseline near the bottom of the cell, same scale, the body fills about 85% of the cell height):
ROW 1 — idle loop: [1] sitting firm like a rock, one claw raised in blessing [2] same pose, breathing in: chest and shoulders slightly up, weapon/hair/cloth slightly lifted [3] same pose, small settle: knees slightly bent, cloth swinging the other way [4] portrait: head and shoulders, big and centered, showing the unique face.
ROW 2 — melee attack: [5] prepare: weight back, weapon pulled back [6] swing: body twisting forward, weapon moving with ONE short pale motion swoosh [7] hit: full extension, weapon at the end of the swing [8] recover: returning toward the idle pose.
ROW 3 — skill and reaction: [9] skill start: gathering power, small glow around the hands [10] skill peak: a golden hexagon shield dome (small, inside the cell) [11] skill end: effect fading, body relaxing [12] hurt: flinching backward, eyes squeezed shut, one arm raised to guard (no blood).
ANIMATION RULES: same character identical in every cell, consistent size and outfit, feet on the same baseline, smooth motion between consecutive frames, clear gaps between cells. Small changes between neighbouring frames of the same row; nothing touches or crosses a cell border.
STYLE: cute stylized mobile-game character in the same art family as the other heroes: thick clean dark-brown outline #2A1608, flat cel shading (one shadow, one highlight), Dong Son bronze-drum motifs (zigzag bands, sun-star, Lac birds) on the clothes. Light file: about 20-30 flat colors, no gradients, no texture, no glow except the small effect asked.
DISTINCT SILHOUETTE (most important): the character must be recognizable from its black shadow alone, at 40 px: follow BODY for age, build and head-to-body ratio (do NOT give every hero the same 1/3 head and the same height), and make SIGNATURE SHAPE big and bold. Main color must clearly be the first COLORS entry.
FACE: do not reuse the generic chibi face (same round head, same big round eyes) — draw the unique features in FACE (eyebrows, beard, scars, wrinkles, age lines, eye shape).
BACKGROUND: perfectly flat pure magenta #FF00FF everywhere. No text, no numbers, no labels, no grid lines, no borders, no floor shadow, no watermark. Never use magenta on the subject. Keep at least 8% empty margin inside every cell; nothing crosses into another cell."
"adv","An Dương Vương","Vàng","Kim","hero12 (4x3, ô 192)","768x576","adv.png","python3 tools/cat-sheet.py adv.png adv hero12","Create ONE image: a 768x576 animation sprite sheet for a cute mobile tower-defense game based on Vietnamese folk legends, an invisible 4x3 grid of twelve equal 192x192 cells (4 columns, 3 rows, each ROW is one action read left to right). REDESIGN of the hero An Dương Vương so it is easy to tell apart from the other heroes.
BODY: tall slim king about 50, long legs, straight back, head about 1/5 of the height.
SIGNATURE SHAPE: a TALL spiral tiered crown shaped like the Co Loa spiral citadel and the magic crossbow with a glowing golden turtle-claw trigger.
COLORS: main black-indigo #2C3550, second silver armor #AEB8C2, accent turtle-claw gold glow (element METAL). legendary hero: most ornate, gold trim, small crown or halo, but keep the silhouette above.
FACE: long thin mustache drooping down and a pointed goatee, sharp eyes, high cheekbones.
OUTFIT: black-indigo royal robe with silver armor plates, gold trim, small golden halo. WEAPON / ITEM: magic crossbow.
MUST NOT look like the generic ""armored king or general with a gold crown or helmet"" shared by other heroes — keep only what is listed here.
CELLS (facing RIGHT in 3/4 view; in every full-body cell the feet stand on the same invisible baseline near the bottom of the cell, same scale, the body fills about 85% of the cell height):
ROW 1 — idle loop: [1] crossbow held at the hip, other hand on the belt, regal and calm [2] same pose, breathing in: chest and shoulders slightly up, weapon/hair/cloth slightly lifted [3] same pose, small settle: knees slightly bent, cloth swinging the other way [4] portrait: head and shoulders, big and centered, showing the unique face.
ROW 2 — attack (shooting / casting forward): [5] prepare: weight back, drawing / aiming [6] swing: body twisting forward, about to release [7] hit: full extension, the projectile leaving the hand / weapon [8] recover: returning toward the idle pose.
ROW 3 — skill and reaction: [9] skill start: gathering power, small glow around the hands [10] skill peak: a golden turtle-claw arrow splitting into many (small, inside the cell) [11] skill end: effect fading, body relaxing [12] hurt: flinching backward, eyes squeezed shut, one arm raised to guard (no blood).
ANIMATION RULES: same character identical in every cell, consistent size and outfit, feet on the same baseline, smooth motion between consecutive frames, clear gaps between cells. Small changes between neighbouring frames of the same row; nothing touches or crosses a cell border.
STYLE: cute stylized mobile-game character in the same art family as the other heroes: thick clean dark-brown outline #2A1608, flat cel shading (one shadow, one highlight), Dong Son bronze-drum motifs (zigzag bands, sun-star, Lac birds) on the clothes. Light file: about 20-30 flat colors, no gradients, no texture, no glow except the small effect asked.
DISTINCT SILHOUETTE (most important): the character must be recognizable from its black shadow alone, at 40 px: follow BODY for age, build and head-to-body ratio (do NOT give every hero the same 1/3 head and the same height), and make SIGNATURE SHAPE big and bold. Main color must clearly be the first COLORS entry.
FACE: do not reuse the generic chibi face (same round head, same big round eyes) — draw the unique features in FACE (eyebrows, beard, scars, wrinkles, age lines, eye shape).
BACKGROUND: perfectly flat pure magenta #FF00FF everywhere. No text, no numbers, no labels, no grid lines, no borders, no floor shadow, no watermark. Never use magenta on the subject. Keep at least 8% empty margin inside every cell; nothing crosses into another cell."
"cuoi","Chú Cuội","Vàng","Mộc","hero12 (4x3, ô 192)","768x576","cuoi.png","python3 tools/cat-sheet.py cuoi.png cuoi hero12","Create ONE image: a 768x576 animation sprite sheet for a cute mobile tower-defense game based on Vietnamese folk legends, an invisible 4x3 grid of twelve equal 192x192 cells (4 columns, 3 rows, each ROW is one action read left to right). REDESIGN of the hero Chú Cuội so it is easy to tell apart from the other heroes.
BODY: plump cheerful man about 35, round belly, short legs, head about 1/4 of the height.
SIGNATURE SHAPE: a magic banyan tree carried on his back, the leafy round canopy rising ABOVE his head, bigger than him.
COLORS: main banyan green #3C7F45, second moonlight pale yellow #F4E9A8, accent silver crescent moon (element WOOD). legendary hero: most ornate, gold trim, small crown or halo, but keep the silhouette above.
FACE: big goofy grin, round nose, raised eyebrows of a joker, small chin beard.
OUTFIT: pale yellow tunic, gold trim, crescent-moon pendant, small halo of moonlight. WEAPON / ITEM: woodcutter axe on the shoulder.
CELLS (facing RIGHT in 3/4 view; in every full-body cell the feet stand on the same invisible baseline near the bottom of the cell, same scale, the body fills about 85% of the cell height):
ROW 1 — idle loop: [1] grinning with the axe on the shoulder, winking [2] same pose, breathing in: chest and shoulders slightly up, weapon/hair/cloth slightly lifted [3] same pose, small settle: knees slightly bent, cloth swinging the other way [4] portrait: head and shoulders, big and centered, showing the unique face.
ROW 2 — melee attack: [5] prepare: weight back, weapon pulled back [6] swing: body twisting forward, weapon moving with ONE short pale motion swoosh [7] hit: full extension, weapon at the end of the swing [8] recover: returning toward the idle pose.
ROW 3 — skill and reaction: [9] skill start: gathering power, small glow around the hands [10] skill peak: banyan leaves spiraling with moonlight (small, inside the cell) [11] skill end: effect fading, body relaxing [12] hurt: flinching backward, eyes squeezed shut, one arm raised to guard (no blood).
ANIMATION RULES: same character identical in every cell, consistent size and outfit, feet on the same baseline, smooth motion between consecutive frames, clear gaps between cells. Small changes between neighbouring frames of the same row; nothing touches or crosses a cell border.
STYLE: cute stylized mobile-game character in the same art family as the other heroes: thick clean dark-brown outline #2A1608, flat cel shading (one shadow, one highlight), Dong Son bronze-drum motifs (zigzag bands, sun-star, Lac birds) on the clothes. Light file: about 20-30 flat colors, no gradients, no texture, no glow except the small effect asked.
DISTINCT SILHOUETTE (most important): the character must be recognizable from its black shadow alone, at 40 px: follow BODY for age, build and head-to-body ratio (do NOT give every hero the same 1/3 head and the same height), and make SIGNATURE SHAPE big and bold. Main color must clearly be the first COLORS entry.
FACE: do not reuse the generic chibi face (same round head, same big round eyes) — draw the unique features in FACE (eyebrows, beard, scars, wrinkles, age lines, eye shape).
BACKGROUND: perfectly flat pure magenta #FF00FF everywhere. No text, no numbers, no labels, no grid lines, no borders, no floor shadow, no watermark. Never use magenta on the subject. Keep at least 8% empty margin inside every cell; nothing crosses into another cell."
"melua","Mẹ Lúa","Vàng","Mộc","hero12 (4x3, ô 192)","768x576","melua.png","python3 tools/cat-sheet.py melua.png melua hero12","Create ONE image: a 768x576 animation sprite sheet for a cute mobile tower-defense game based on Vietnamese folk legends, an invisible 4x3 grid of twelve equal 192x192 cells (4 columns, 3 rows, each ROW is one action read left to right). REDESIGN of the hero Mẹ Lúa so it is easy to tell apart from the other heroes.
BODY: plump motherly woman about 45, round soft body, wide hips, head about 1/4 of the height.
SIGNATURE SHAPE: a BIG sheaf of golden rice cradled in her arms like a baby and a crown of rice ears.
COLORS: main ripe rice gold #E9C84A, second young rice green #7DBF4E, accent brown earth (element WOOD). legendary hero: most ornate, gold trim, small crown or halo, but keep the silhouette above.
FACE: warm smile, round rosy cheeks, smile lines around the eyes, hair in a low bun.
OUTFIT: green and gold layered robe with rice-ear embroidery, gold trim, small halo. WEAPON / ITEM: rice sheaf.
MUST NOT look like the generic ""slender lady in a long robe with a staff and halo"" shared by other heroes — keep only what is listed here.
CELLS (facing RIGHT in 3/4 view; in every full-body cell the feet stand on the same invisible baseline near the bottom of the cell, same scale, the body fills about 85% of the cell height):
ROW 1 — idle loop: [1] cradling and rocking the rice sheaf, motherly [2] same pose, breathing in: chest and shoulders slightly up, weapon/hair/cloth slightly lifted [3] same pose, small settle: knees slightly bent, cloth swinging the other way [4] portrait: head and shoulders, big and centered, showing the unique face.
ROW 2 — attack (shooting / casting forward): [5] prepare: weight back, drawing / aiming [6] swing: body twisting forward, about to release [7] hit: full extension, the projectile leaving the hand / weapon [8] recover: returning toward the idle pose.
ROW 3 — skill and reaction: [9] skill start: gathering power, small glow around the hands [10] skill peak: golden rice grains swirling (small, inside the cell) [11] skill end: effect fading, body relaxing [12] hurt: flinching backward, eyes squeezed shut, one arm raised to guard (no blood).
ANIMATION RULES: same character identical in every cell, consistent size and outfit, feet on the same baseline, smooth motion between consecutive frames, clear gaps between cells. Small changes between neighbouring frames of the same row; nothing touches or crosses a cell border.
STYLE: cute stylized mobile-game character in the same art family as the other heroes: thick clean dark-brown outline #2A1608, flat cel shading (one shadow, one highlight), Dong Son bronze-drum motifs (zigzag bands, sun-star, Lac birds) on the clothes. Light file: about 20-30 flat colors, no gradients, no texture, no glow except the small effect asked.
DISTINCT SILHOUETTE (most important): the character must be recognizable from its black shadow alone, at 40 px: follow BODY for age, build and head-to-body ratio (do NOT give every hero the same 1/3 head and the same height), and make SIGNATURE SHAPE big and bold. Main color must clearly be the first COLORS entry.
FACE: do not reuse the generic chibi face (same round head, same big round eyes) — draw the unique features in FACE (eyebrows, beard, scars, wrinkles, age lines, eye shape).
BACKGROUND: perfectly flat pure magenta #FF00FF everywhere. No text, no numbers, no labels, no grid lines, no borders, no floor shadow, no watermark. Never use magenta on the subject. Keep at least 8% empty margin inside every cell; nothing crosses into another cell."
"ongho","Chúa Sơn Lâm","Vàng","Mộc","hero12 (4x3, ô 192)","768x576","ongho.png","python3 tools/cat-sheet.py ongho.png ongho hero12","Create ONE image: a 768x576 animation sprite sheet for a cute mobile tower-defense game based on Vietnamese folk legends, an invisible 4x3 grid of twelve equal 192x192 cells (4 columns, 3 rows, each ROW is one action read left to right). REDESIGN of the hero Chúa Sơn Lâm so it is easy to tell apart from the other heroes.
BODY: HUGE tiger on ALL FOURS, massive shoulders, heavy paws, long body.
SIGNATURE SHAPE: a full real tiger shape with bold black stripes and a leafy green mantle on the shoulders.
COLORS: main tiger orange #F08A24, second black stripes, accent jade leaf green mantle (element WOOD). legendary hero: most ornate, gold trim, small crown or halo, but keep the silhouette above.
FACE: majestic tiger face, white cheek fur, a small sun-star mark on the forehead, golden eyes.
OUTFIT: bronze collar, green leaf mantle, gold trim, small halo. WEAPON / ITEM: claws and fangs.
MUST NOT look like the generic ""silver-armored beast standing upright or a hero with a tiger"" shared by other heroes — keep only what is listed here.
CELLS (facing RIGHT in 3/4 view; in every full-body cell the feet stand on the same invisible baseline near the bottom of the cell, same scale, the body fills about 85% of the cell height):
ROW 1 — idle loop: [1] prowling forward, head low, tail swaying [2] same pose, breathing in: chest and shoulders slightly up, weapon/hair/cloth slightly lifted [3] same pose, small settle: knees slightly bent, cloth swinging the other way [4] portrait: head and shoulders, big and centered, showing the unique face.
ROW 2 — melee attack: [5] prepare: weight back, weapon pulled back [6] swing: body twisting forward, weapon moving with ONE short pale motion swoosh [7] hit: full extension, weapon at the end of the swing [8] recover: returning toward the idle pose.
ROW 3 — skill and reaction: [9] skill start: gathering power, small glow around the hands [10] skill peak: tiger roar with green claw slashes (small, inside the cell) [11] skill end: effect fading, body relaxing [12] hurt: flinching backward, eyes squeezed shut, one arm raised to guard (no blood).
ANIMATION RULES: same character identical in every cell, consistent size and outfit, feet on the same baseline, smooth motion between consecutive frames, clear gaps between cells. Small changes between neighbouring frames of the same row; nothing touches or crosses a cell border.
STYLE: cute stylized mobile-game character in the same art family as the other heroes: thick clean dark-brown outline #2A1608, flat cel shading (one shadow, one highlight), Dong Son bronze-drum motifs (zigzag bands, sun-star, Lac birds) on the clothes. Light file: about 20-30 flat colors, no gradients, no texture, no glow except the small effect asked.
DISTINCT SILHOUETTE (most important): the character must be recognizable from its black shadow alone, at 40 px: follow BODY for age, build and head-to-body ratio (do NOT give every hero the same 1/3 head and the same height), and make SIGNATURE SHAPE big and bold. Main color must clearly be the first COLORS entry.
FACE: do not reuse the generic chibi face (same round head, same big round eyes) — draw the unique features in FACE (eyebrows, beard, scars, wrinkles, age lines, eye shape).
BACKGROUND: perfectly flat pure magenta #FF00FF everywhere. No text, no numbers, no labels, no grid lines, no borders, no floor shadow, no watermark. Never use magenta on the subject. Keep at least 8% empty margin inside every cell; nothing crosses into another cell."
"mau","Mẫu Thượng Ngàn","Vàng","Mộc","hero12 (4x3, ô 192)","768x576","mau.png","python3 tools/cat-sheet.py mau.png mau hero12","Create ONE image: a 768x576 animation sprite sheet for a cute mobile tower-defense game based on Vietnamese folk legends, an invisible 4x3 grid of twelve equal 192x192 cells (4 columns, 3 rows, each ROW is one action read left to right). REDESIGN of the hero Mẫu Thượng Ngàn so it is easy to tell apart from the other heroes.
BODY: tall elegant goddess, long neck, slender, head about 1/6 of the height.
SIGNATURE SHAPE: a big FAN of giant green leaves and flowers spreading behind her like a peacock tail, and a flower crown.
COLORS: main emerald green #1E9E6A, second flower pink #F28CB1, accent gold (element WOOD). legendary hero: most ornate, gold trim, small crown or halo, but keep the silhouette above.
FACE: serene calm eyes, small knowing smile, long straight black hair.
OUTFIT: flowing emerald ao dai-style robe with forest embroidery, gold trim, small halo. WEAPON / ITEM: flowering branch.
MUST NOT look like the generic ""slender lady in a long robe with a staff and halo"" or ""silver-armored beast standing upright or a hero with a tiger"" shared by other heroes — keep only what is listed here.
CELLS (facing RIGHT in 3/4 view; in every full-body cell the feet (or floating base) stand on the same invisible baseline near the bottom of the cell, same scale, the body fills about 85% of the cell height):
ROW 1 — idle loop: [1] graceful, flowering branch held up, other hand open [2] same pose, breathing in: chest and shoulders slightly up, weapon/hair/cloth slightly lifted [3] same pose, small settle: knees slightly bent, cloth swinging the other way [4] portrait: head and shoulders, big and centered, showing the unique face.
ROW 2 — attack (shooting / casting forward): [5] prepare: weight back, drawing / aiming [6] swing: body twisting forward, about to release [7] hit: full extension, the projectile leaving the hand / weapon [8] recover: returning toward the idle pose.
ROW 3 — skill and reaction: [9] skill start: gathering power, small glow around the hands [10] skill peak: flowers and leaves blooming in a ring (small, inside the cell) [11] skill end: effect fading, body relaxing [12] hurt: flinching backward, eyes squeezed shut, one arm raised to guard (no blood).
ANIMATION RULES: same character identical in every cell, consistent size and outfit, feet on the same baseline, smooth motion between consecutive frames, clear gaps between cells. Small changes between neighbouring frames of the same row; nothing touches or crosses a cell border.
STYLE: cute stylized mobile-game character in the same art family as the other heroes: thick clean dark-brown outline #2A1608, flat cel shading (one shadow, one highlight), Dong Son bronze-drum motifs (zigzag bands, sun-star, Lac birds) on the clothes. Light file: about 20-30 flat colors, no gradients, no texture, no glow except the small effect asked.
DISTINCT SILHOUETTE (most important): the character must be recognizable from its black shadow alone, at 40 px: follow BODY for age, build and head-to-body ratio (do NOT give every hero the same 1/3 head and the same height), and make SIGNATURE SHAPE big and bold. Main color must clearly be the first COLORS entry.
FACE: do not reuse the generic chibi face (same round head, same big round eyes) — draw the unique features in FACE (eyebrows, beard, scars, wrinkles, age lines, eye shape).
BACKGROUND: perfectly flat pure magenta #FF00FF everywhere. No text, no numbers, no labels, no grid lines, no borders, no floor shadow, no watermark. Never use magenta on the subject. Keep at least 8% empty margin inside every cell; nothing crosses into another cell."
"auco","Âu Cơ","Vàng","Thổ","hero12 (4x3, ô 192)","768x576","auco.png","python3 tools/cat-sheet.py auco.png auco hero12","Create ONE image: a 768x576 animation sprite sheet for a cute mobile tower-defense game based on Vietnamese folk legends, an invisible 4x3 grid of twelve equal 192x192 cells (4 columns, 3 rows, each ROW is one action read left to right). REDESIGN of the hero Âu Cơ so it is easy to tell apart from the other heroes.
BODY: tall graceful fairy mother about 25, slender, head about 1/6 of the height.
SIGNATURE SHAPE: BIG white crane wings spread UPWARD and OUTWARD (real wings) and a silk pouch of 100 eggs.
COLORS: main cream #FFF6E0, second soft gold #E7C46C, accent coral pink (element EARTH). legendary hero: most ornate, gold trim, small crown or halo, but keep the silhouette above.
FACE: kind motherly eyes, gentle smile, long black hair.
OUTFIT: cream robe with gold trim, coral sash, small halo. WEAPON / ITEM: egg pouch and a crane-feather wand.
MUST NOT look like the generic ""slender lady in a long robe with a staff and halo"" shared by other heroes — keep only what is listed here.
CELLS (facing RIGHT in 3/4 view; in every full-body cell the feet (or floating base) stand on the same invisible baseline near the bottom of the cell, same scale, the body fills about 85% of the cell height):
ROW 1 — idle loop: [1] wings open, hand on the egg pouch, protective [2] same pose, breathing in: chest and shoulders slightly up, weapon/hair/cloth slightly lifted [3] same pose, small settle: knees slightly bent, cloth swinging the other way [4] portrait: head and shoulders, big and centered, showing the unique face.
ROW 2 — attack (shooting / casting forward): [5] prepare: weight back, drawing / aiming [6] swing: body twisting forward, about to release [7] hit: full extension, the projectile leaving the hand / weapon [8] recover: returning toward the idle pose.
ROW 3 — skill and reaction: [9] skill start: gathering power, small glow around the hands [10] skill peak: healing light with crane feathers (small, inside the cell) [11] skill end: effect fading, body relaxing [12] hurt: flinching backward, eyes squeezed shut, one arm raised to guard (no blood).
ANIMATION RULES: same character identical in every cell, consistent size and outfit, feet on the same baseline, smooth motion between consecutive frames, clear gaps between cells. Small changes between neighbouring frames of the same row; nothing touches or crosses a cell border.
STYLE: cute stylized mobile-game character in the same art family as the other heroes: thick clean dark-brown outline #2A1608, flat cel shading (one shadow, one highlight), Dong Son bronze-drum motifs (zigzag bands, sun-star, Lac birds) on the clothes. Light file: about 20-30 flat colors, no gradients, no texture, no glow except the small effect asked.
DISTINCT SILHOUETTE (most important): the character must be recognizable from its black shadow alone, at 40 px: follow BODY for age, build and head-to-body ratio (do NOT give every hero the same 1/3 head and the same height), and make SIGNATURE SHAPE big and bold. Main color must clearly be the first COLORS entry.
FACE: do not reuse the generic chibi face (same round head, same big round eyes) — draw the unique features in FACE (eyebrows, beard, scars, wrinkles, age lines, eye shape).
BACKGROUND: perfectly flat pure magenta #FF00FF everywhere. No text, no numbers, no labels, no grid lines, no borders, no floor shadow, no watermark. Never use magenta on the subject. Keep at least 8% empty margin inside every cell; nothing crosses into another cell."
"tanvien","Sơn Tinh","Vàng","Thổ","hero12 (4x3, ô 192)","768x576","tanvien.png","python3 tools/cat-sheet.py tanvien.png tanvien hero12","Create ONE image: a 768x576 animation sprite sheet for a cute mobile tower-defense game based on Vietnamese folk legends, an invisible 4x3 grid of twelve equal 192x192 cells (4 columns, 3 rows, each ROW is one action read left to right). REDESIGN of the hero Sơn Tinh so it is easy to tell apart from the other heroes.
BODY: tall heroic young god about 25, broad shoulders, long legs, head about 1/6 of the height.
SIGNATURE SHAPE: a crown with THREE mountain peaks and a small floating mountain hovering above his raised palm.
COLORS: main jade-olive #6F8A3C, second gold #D9A93A, accent white clouds (element EARTH). legendary hero: most ornate, gold trim, small crown or halo, but keep the silhouette above.
FACE: young heroic face, clean-shaven, strong brows, calm smile.
OUTFIT: jade-olive armor with mountain patterns, green cape, gold trim, small halo. WEAPON / ITEM: magic book on the belt.
MUST NOT look like the generic ""armored king or general with a gold crown or helmet"" shared by other heroes — keep only what is listed here.
CELLS (facing RIGHT in 3/4 view; in every full-body cell the feet (or floating base) stand on the same invisible baseline near the bottom of the cell, same scale, the body fills about 85% of the cell height):
ROW 1 — idle loop: [1] one hand raising a small floating mountain [2] same pose, breathing in: chest and shoulders slightly up, weapon/hair/cloth slightly lifted [3] same pose, small settle: knees slightly bent, cloth swinging the other way [4] portrait: head and shoulders, big and centered, showing the unique face.
ROW 2 — melee attack: [5] prepare: weight back, weapon pulled back [6] swing: body twisting forward, weapon moving with ONE short pale motion swoosh [7] hit: full extension, weapon at the end of the swing [8] recover: returning toward the idle pose.
ROW 3 — skill and reaction: [9] skill start: gathering power, small glow around the hands [10] skill peak: mountains rising from the ground (small, inside the cell) [11] skill end: effect fading, body relaxing [12] hurt: flinching backward, eyes squeezed shut, one arm raised to guard (no blood).
ANIMATION RULES: same character identical in every cell, consistent size and outfit, feet on the same baseline, smooth motion between consecutive frames, clear gaps between cells. Small changes between neighbouring frames of the same row; nothing touches or crosses a cell border.
STYLE: cute stylized mobile-game character in the same art family as the other heroes: thick clean dark-brown outline #2A1608, flat cel shading (one shadow, one highlight), Dong Son bronze-drum motifs (zigzag bands, sun-star, Lac birds) on the clothes. Light file: about 20-30 flat colors, no gradients, no texture, no glow except the small effect asked.
DISTINCT SILHOUETTE (most important): the character must be recognizable from its black shadow alone, at 40 px: follow BODY for age, build and head-to-body ratio (do NOT give every hero the same 1/3 head and the same height), and make SIGNATURE SHAPE big and bold. Main color must clearly be the first COLORS entry.
FACE: do not reuse the generic chibi face (same round head, same big round eyes) — draw the unique features in FACE (eyebrows, beard, scars, wrinkles, age lines, eye shape).
BACKGROUND: perfectly flat pure magenta #FF00FF everywhere. No text, no numbers, no labels, no grid lines, no borders, no floor shadow, no watermark. Never use magenta on the subject. Keep at least 8% empty margin inside every cell; nothing crosses into another cell."
"maudia","Mẫu Địa","Vàng","Thổ","hero12 (4x3, ô 192)","768x576","maudia.png","python3 tools/cat-sheet.py maudia.png maudia hero12","Create ONE image: a 768x576 animation sprite sheet for a cute mobile tower-defense game based on Vietnamese folk legends, an invisible 4x3 grid of twelve equal 192x192 cells (4 columns, 3 rows, each ROW is one action read left to right). REDESIGN of the hero Mẫu Địa so it is easy to tell apart from the other heroes.
BODY: tall stately earth mother about 40, strong wide shoulders, head about 1/5 of the height.
SIGNATURE SHAPE: roots spreading out from the hem of her robe into the ground like a wide tree base, hair braided with roots and flowers.
COLORS: main terracotta #B5562F, second deep brown, accent spring green sprouts (element EARTH). legendary hero: most ornate, gold trim, small crown or halo, but keep the silhouette above.
FACE: strong motherly face, deep brown eyes, warm smile.
OUTFIT: terracotta robe with root patterns, gold crown, gold trim, small halo. WEAPON / ITEM: clay jar of seeds.
MUST NOT look like the generic ""slender lady in a long robe with a staff and halo"" shared by other heroes — keep only what is listed here.
CELLS (facing RIGHT in 3/4 view; in every full-body cell the feet (or floating base) stand on the same invisible baseline near the bottom of the cell, same scale, the body fills about 85% of the cell height):
ROW 1 — idle loop: [1] arms open, roots spreading [2] same pose, breathing in: chest and shoulders slightly up, weapon/hair/cloth slightly lifted [3] same pose, small settle: knees slightly bent, cloth swinging the other way [4] portrait: head and shoulders, big and centered, showing the unique face.
ROW 2 — attack (shooting / casting forward): [5] prepare: weight back, drawing / aiming [6] swing: body twisting forward, about to release [7] hit: full extension, the projectile leaving the hand / weapon [8] recover: returning toward the idle pose.
ROW 3 — skill and reaction: [9] skill start: gathering power, small glow around the hands [10] skill peak: sprouts and stone shields rising (small, inside the cell) [11] skill end: effect fading, body relaxing [12] hurt: flinching backward, eyes squeezed shut, one arm raised to guard (no blood).
ANIMATION RULES: same character identical in every cell, consistent size and outfit, feet on the same baseline, smooth motion between consecutive frames, clear gaps between cells. Small changes between neighbouring frames of the same row; nothing touches or crosses a cell border.
STYLE: cute stylized mobile-game character in the same art family as the other heroes: thick clean dark-brown outline #2A1608, flat cel shading (one shadow, one highlight), Dong Son bronze-drum motifs (zigzag bands, sun-star, Lac birds) on the clothes. Light file: about 20-30 flat colors, no gradients, no texture, no glow except the small effect asked.
DISTINCT SILHOUETTE (most important): the character must be recognizable from its black shadow alone, at 40 px: follow BODY for age, build and head-to-body ratio (do NOT give every hero the same 1/3 head and the same height), and make SIGNATURE SHAPE big and bold. Main color must clearly be the first COLORS entry.
FACE: do not reuse the generic chibi face (same round head, same big round eyes) — draw the unique features in FACE (eyebrows, beard, scars, wrinkles, age lines, eye shape).
BACKGROUND: perfectly flat pure magenta #FF00FF everywhere. No text, no numbers, no labels, no grid lines, no borders, no floor shadow, no watermark. Never use magenta on the subject. Keep at least 8% empty margin inside every cell; nothing crosses into another cell."
"trutroi","Thần Trụ Trời","Vàng","Thổ","hero12 (4x3, ô 192)","768x576","trutroi.png","python3 tools/cat-sheet.py trutroi.png trutroi hero12","Create ONE image: a 768x576 animation sprite sheet for a cute mobile tower-defense game based on Vietnamese folk legends, an invisible 4x3 grid of twelve equal 192x192 cells (4 columns, 3 rows, each ROW is one action read left to right). REDESIGN of the hero Thần Trụ Trời so it is easy to tell apart from the other heroes.
BODY: colossal stone giant, enormous upper body, tiny head about 1/8 of the height, thick pillar legs.
SIGNATURE SHAPE: a tall stone pillar held upright on one shoulder, reaching above the top of his head, clouds around it.
COLORS: main stone grey #8C8C84, second ochre bands, accent sky blue clouds (element EARTH). legendary hero: most ornate, gold trim, small crown or halo, but keep the silhouette above.
FACE: stone face with cracks, heavy brow ridge, calm mighty eyes.
OUTFIT: woven rope loincloth, rocks on the shoulders, gold trim, small halo. WEAPON / ITEM: sky pillar.
CELLS (facing RIGHT in 3/4 view; in every full-body cell the feet (or floating base) stand on the same invisible baseline near the bottom of the cell, same scale, the body fills about 85% of the cell height):
ROW 1 — idle loop: [1] holding the pillar upright, legs planted [2] same pose, breathing in: chest and shoulders slightly up, weapon/hair/cloth slightly lifted [3] same pose, small settle: knees slightly bent, cloth swinging the other way [4] portrait: head and shoulders, big and centered, showing the unique face.
ROW 2 — melee attack: [5] prepare: weight back, weapon pulled back [6] swing: body twisting forward, weapon moving with ONE short pale motion swoosh [7] hit: full extension, weapon at the end of the swing [8] recover: returning toward the idle pose.
ROW 3 — skill and reaction: [9] skill start: gathering power, small glow around the hands [10] skill peak: the pillar slamming down (small, inside the cell) [11] skill end: effect fading, body relaxing [12] hurt: flinching backward, eyes squeezed shut, one arm raised to guard (no blood).
ANIMATION RULES: same character identical in every cell, consistent size and outfit, feet on the same baseline, smooth motion between consecutive frames, clear gaps between cells. Small changes between neighbouring frames of the same row; nothing touches or crosses a cell border.
STYLE: cute stylized mobile-game character in the same art family as the other heroes: thick clean dark-brown outline #2A1608, flat cel shading (one shadow, one highlight), Dong Son bronze-drum motifs (zigzag bands, sun-star, Lac birds) on the clothes. Light file: about 20-30 flat colors, no gradients, no texture, no glow except the small effect asked.
DISTINCT SILHOUETTE (most important): the character must be recognizable from its black shadow alone, at 40 px: follow BODY for age, build and head-to-body ratio (do NOT give every hero the same 1/3 head and the same height), and make SIGNATURE SHAPE big and bold. Main color must clearly be the first COLORS entry.
FACE: do not reuse the generic chibi face (same round head, same big round eyes) — draw the unique features in FACE (eyebrows, beard, scars, wrinkles, age lines, eye shape).
BACKGROUND: perfectly flat pure magenta #FF00FF everywhere. No text, no numbers, no labels, no grid lines, no borders, no floor shadow, no watermark. Never use magenta on the subject. Keep at least 8% empty margin inside every cell; nothing crosses into another cell."
"llq","Lạc Long Quân","Vàng","Thủy","hero12 (4x3, ô 192)","768x576","llq.png","python3 tools/cat-sheet.py llq.png llq hero12","Create ONE image: a 768x576 animation sprite sheet for a cute mobile tower-defense game based on Vietnamese folk legends, an invisible 4x3 grid of twelve equal 192x192 cells (4 columns, 3 rows, each ROW is one action read left to right). REDESIGN of the hero Lạc Long Quân so it is easy to tell apart from the other heroes.
BODY: tall powerful dragon lord about 40, broad shoulders, long legs, head about 1/6 of the height.
SIGNATURE SHAPE: a pair of big branching DRAGON HORNS growing from his head and a long dragon-tail sash flowing behind.
COLORS: main deep sea blue #1F5FA8, second jade #3FB59E, accent gold (element WATER). legendary hero: most ornate, gold trim, small crown or halo, but keep the silhouette above.
FACE: long flowing black hair and a long black beard, noble calm eyes, faint scales on the cheeks.
OUTFIT: deep blue robe with jade dragon scales, gold trim, small halo. WEAPON / ITEM: long straight sword.
MUST NOT look like the generic ""armored king or general with a gold crown or helmet"" shared by other heroes — keep only what is listed here.
CELLS (facing RIGHT in 3/4 view; in every full-body cell the feet stand on the same invisible baseline near the bottom of the cell, same scale, the body fills about 85% of the cell height):
ROW 1 — idle loop: [1] sword pointing down, cape and sash flowing, dignified [2] same pose, breathing in: chest and shoulders slightly up, weapon/hair/cloth slightly lifted [3] same pose, small settle: knees slightly bent, cloth swinging the other way [4] portrait: head and shoulders, big and centered, showing the unique face.
ROW 2 — melee attack: [5] prepare: weight back, weapon pulled back [6] swing: body twisting forward, weapon moving with ONE short pale motion swoosh [7] hit: full extension, weapon at the end of the swing [8] recover: returning toward the idle pose.
ROW 3 — skill and reaction: [9] skill start: gathering power, small glow around the hands [10] skill peak: a water dragon spiraling (small, inside the cell) [11] skill end: effect fading, body relaxing [12] hurt: flinching backward, eyes squeezed shut, one arm raised to guard (no blood).
ANIMATION RULES: same character identical in every cell, consistent size and outfit, feet on the same baseline, smooth motion between consecutive frames, clear gaps between cells. Small changes between neighbouring frames of the same row; nothing touches or crosses a cell border.
STYLE: cute stylized mobile-game character in the same art family as the other heroes: thick clean dark-brown outline #2A1608, flat cel shading (one shadow, one highlight), Dong Son bronze-drum motifs (zigzag bands, sun-star, Lac birds) on the clothes. Light file: about 20-30 flat colors, no gradients, no texture, no glow except the small effect asked.
DISTINCT SILHOUETTE (most important): the character must be recognizable from its black shadow alone, at 40 px: follow BODY for age, build and head-to-body ratio (do NOT give every hero the same 1/3 head and the same height), and make SIGNATURE SHAPE big and bold. Main color must clearly be the first COLORS entry.
FACE: do not reuse the generic chibi face (same round head, same big round eyes) — draw the unique features in FACE (eyebrows, beard, scars, wrinkles, age lines, eye shape).
BACKGROUND: perfectly flat pure magenta #FF00FF everywhere. No text, no numbers, no labels, no grid lines, no borders, no floor shadow, no watermark. Never use magenta on the subject. Keep at least 8% empty margin inside every cell; nothing crosses into another cell."
"halong","Rồng Mẹ Hạ Long","Vàng","Thủy","hero12 (4x3, ô 192)","768x576","halong.png","python3 tools/cat-sheet.py halong.png halong hero12","Create ONE image: a 768x576 animation sprite sheet for a cute mobile tower-defense game based on Vietnamese folk legends, an invisible 4x3 grid of twelve equal 192x192 cells (4 columns, 3 rows, each ROW is one action read left to right). REDESIGN of the hero Rồng Mẹ Hạ Long so it is easy to tell apart from the other heroes.
BODY: long serpentine Vietnamese dragon coiled in an S-shape, no humanoid body, small legs.
SIGNATURE SHAPE: an S-coiled long dragon body with a flowing fin crest and a big pearl in one claw.
COLORS: main sea-foam mint #8FE3CF, second pearl white, accent gold horns (element WATER). legendary hero: most ornate, gold trim, small crown or halo, but keep the silhouette above.
FACE: gentle motherly dragon face, long whiskers, kind eyes.
OUTFIT: gold trim on the fins, small halo. WEAPON / ITEM: pearl and tail.
CELLS (facing RIGHT in 3/4 view; in every full-body cell the feet stand on the same invisible baseline near the bottom of the cell, same scale, the body fills about 85% of the cell height):
ROW 1 — idle loop: [1] coiled, head raised, holding the pearl [2] same pose, breathing in: chest and shoulders slightly up, weapon/hair/cloth slightly lifted [3] same pose, small settle: knees slightly bent, cloth swinging the other way [4] portrait: head and shoulders, big and centered, showing the unique face.
ROW 2 — melee attack: [5] prepare: weight back, weapon pulled back [6] swing: body twisting forward, weapon moving with ONE short pale motion swoosh [7] hit: full extension, weapon at the end of the swing [8] recover: returning toward the idle pose.
ROW 3 — skill and reaction: [9] skill start: gathering power, small glow around the hands [10] skill peak: emerald islands rising from waves (small, inside the cell) [11] skill end: effect fading, body relaxing [12] hurt: flinching backward, eyes squeezed shut, one arm raised to guard (no blood).
ANIMATION RULES: same character identical in every cell, consistent size and outfit, feet on the same baseline, smooth motion between consecutive frames, clear gaps between cells. Small changes between neighbouring frames of the same row; nothing touches or crosses a cell border.
STYLE: cute stylized mobile-game character in the same art family as the other heroes: thick clean dark-brown outline #2A1608, flat cel shading (one shadow, one highlight), Dong Son bronze-drum motifs (zigzag bands, sun-star, Lac birds) on the clothes. Light file: about 20-30 flat colors, no gradients, no texture, no glow except the small effect asked.
DISTINCT SILHOUETTE (most important): the character must be recognizable from its black shadow alone, at 40 px: follow BODY for age, build and head-to-body ratio (do NOT give every hero the same 1/3 head and the same height), and make SIGNATURE SHAPE big and bold. Main color must clearly be the first COLORS entry.
FACE: do not reuse the generic chibi face (same round head, same big round eyes) — draw the unique features in FACE (eyebrows, beard, scars, wrinkles, age lines, eye shape).
BACKGROUND: perfectly flat pure magenta #FF00FF everywhere. No text, no numbers, no labels, no grid lines, no borders, no floor shadow, no watermark. Never use magenta on the subject. Keep at least 8% empty margin inside every cell; nothing crosses into another cell."
"longnu","Long Nữ Động Đình","Vàng","Thủy","hero12 (4x3, ô 192)","768x576","longnu.png","python3 tools/cat-sheet.py longnu.png longnu hero12","Create ONE image: a 768x576 animation sprite sheet for a cute mobile tower-defense game based on Vietnamese folk legends, an invisible 4x3 grid of twelve equal 192x192 cells (4 columns, 3 rows, each ROW is one action read left to right). REDESIGN of the hero Long Nữ Động Đình so it is easy to tell apart from the other heroes.
BODY: tall slender dragon princess about 20, long neck, head about 1/6 of the height.
SIGNATURE SHAPE: a long skirt that ends in a FISH-FIN hem fanning out on the ground and small dragon horns, very long hair flowing like water.
COLORS: main aquamarine #6FD3D8, second pearl white, accent coral pink (element WATER). legendary hero: most ornate, gold trim, small crown or halo, but keep the silhouette above.
FACE: almond eyes with teal eyeshadow, small fangs smile, pearl earrings.
OUTFIT: aquamarine silk with wave patterns, gold trim, small halo. WEAPON / ITEM: big glowing dragon pearl held with both hands.
MUST NOT look like the generic ""slender lady in a long robe with a staff and halo"" shared by other heroes — keep only what is listed here.
CELLS (facing RIGHT in 3/4 view; in every full-body cell the feet (or floating base) stand on the same invisible baseline near the bottom of the cell, same scale, the body fills about 85% of the cell height):
ROW 1 — idle loop: [1] holding the pearl at the chest, hair floating [2] same pose, breathing in: chest and shoulders slightly up, weapon/hair/cloth slightly lifted [3] same pose, small settle: knees slightly bent, cloth swinging the other way [4] portrait: head and shoulders, big and centered, showing the unique face.
ROW 2 — attack (shooting / casting forward): [5] prepare: weight back, drawing / aiming [6] swing: body twisting forward, about to release [7] hit: full extension, the projectile leaving the hand / weapon [8] recover: returning toward the idle pose.
ROW 3 — skill and reaction: [9] skill start: gathering power, small glow around the hands [10] skill peak: pearl beams and bubbles (small, inside the cell) [11] skill end: effect fading, body relaxing [12] hurt: flinching backward, eyes squeezed shut, one arm raised to guard (no blood).
ANIMATION RULES: same character identical in every cell, consistent size and outfit, feet on the same baseline, smooth motion between consecutive frames, clear gaps between cells. Small changes between neighbouring frames of the same row; nothing touches or crosses a cell border.
STYLE: cute stylized mobile-game character in the same art family as the other heroes: thick clean dark-brown outline #2A1608, flat cel shading (one shadow, one highlight), Dong Son bronze-drum motifs (zigzag bands, sun-star, Lac birds) on the clothes. Light file: about 20-30 flat colors, no gradients, no texture, no glow except the small effect asked.
DISTINCT SILHOUETTE (most important): the character must be recognizable from its black shadow alone, at 40 px: follow BODY for age, build and head-to-body ratio (do NOT give every hero the same 1/3 head and the same height), and make SIGNATURE SHAPE big and bold. Main color must clearly be the first COLORS entry.
FACE: do not reuse the generic chibi face (same round head, same big round eyes) — draw the unique features in FACE (eyebrows, beard, scars, wrinkles, age lines, eye shape).
BACKGROUND: perfectly flat pure magenta #FF00FF everywhere. No text, no numbers, no labels, no grid lines, no borders, no floor shadow, no watermark. Never use magenta on the subject. Keep at least 8% empty margin inside every cell; nothing crosses into another cell."
"mauthoai","Mẫu Thoải","Vàng","Thủy","hero12 (4x3, ô 192)","768x576","mauthoai.png","python3 tools/cat-sheet.py mauthoai.png mauthoai hero12","Create ONE image: a 768x576 animation sprite sheet for a cute mobile tower-defense game based on Vietnamese folk legends, an invisible 4x3 grid of twelve equal 192x192 cells (4 columns, 3 rows, each ROW is one action read left to right). REDESIGN of the hero Mẫu Thoải so it is easy to tell apart from the other heroes.
BODY: mature motherly goddess about 50, SEATED cross-legged on a big white lotus floating on a wave.
SIGNATURE SHAPE: a big white lotus throne with a curling wave under it and a tall crown with a long veil.
COLORS: main royal blue #2F59B8, second white, accent silver (element WATER). legendary hero: most ornate, gold trim, small crown or halo, but keep the silhouette above.
FACE: serene heavy-lidded eyes, plump cheeks, wise calm smile.
OUTFIT: white and royal-blue robe, silver crown with a veil, gold trim, small halo. WEAPON / ITEM: silver water ladle staff.
MUST NOT look like the generic ""slender lady in a long robe with a staff and halo"" shared by other heroes — keep only what is listed here.
CELLS (facing RIGHT in 3/4 view; in every full-body cell the feet (or floating base) stand on the same invisible baseline near the bottom of the cell, same scale, the body fills about 85% of the cell height):
ROW 1 — idle loop: [1] seated on the lotus, one hand raised in blessing [2] same pose, breathing in: chest and shoulders slightly up, weapon/hair/cloth slightly lifted [3] same pose, small settle: knees slightly bent, cloth swinging the other way [4] portrait: head and shoulders, big and centered, showing the unique face.
ROW 2 — attack (shooting / casting forward): [5] prepare: weight back, drawing / aiming [6] swing: body twisting forward, about to release [7] hit: full extension, the projectile leaving the hand / weapon [8] recover: returning toward the idle pose.
ROW 3 — skill and reaction: [9] skill start: gathering power, small glow around the hands [10] skill peak: water whirl that holds enemies (small, inside the cell) [11] skill end: effect fading, body relaxing [12] hurt: flinching backward, eyes squeezed shut, one arm raised to guard (no blood).
ANIMATION RULES: same character identical in every cell, consistent size and outfit, feet on the same baseline, smooth motion between consecutive frames, clear gaps between cells. Small changes between neighbouring frames of the same row; nothing touches or crosses a cell border.
STYLE: cute stylized mobile-game character in the same art family as the other heroes: thick clean dark-brown outline #2A1608, flat cel shading (one shadow, one highlight), Dong Son bronze-drum motifs (zigzag bands, sun-star, Lac birds) on the clothes. Light file: about 20-30 flat colors, no gradients, no texture, no glow except the small effect asked.
DISTINCT SILHOUETTE (most important): the character must be recognizable from its black shadow alone, at 40 px: follow BODY for age, build and head-to-body ratio (do NOT give every hero the same 1/3 head and the same height), and make SIGNATURE SHAPE big and bold. Main color must clearly be the first COLORS entry.
FACE: do not reuse the generic chibi face (same round head, same big round eyes) — draw the unique features in FACE (eyebrows, beard, scars, wrinkles, age lines, eye shape).
BACKGROUND: perfectly flat pure magenta #FF00FF everywhere. No text, no numbers, no labels, no grid lines, no borders, no floor shadow, no watermark. Never use magenta on the subject. Keep at least 8% empty margin inside every cell; nothing crosses into another cell."
